Submission id,Participant id,Status,Custom study tncs accepted at,Started at,Completed at,Reviewed at,Archived at,Time taken,Completion code,Total approvals,Highest education level completed,Video games,Gender,Ethnicity,Age,Sex,Ethnicity simplified,Country of birth,Country of residence,Nationality,Language,Student status,Employment status
69a0cc56cf465da040eacaf5,6926452ca418f7b008a000a3,APPROVED,Not Applicable,2026-02-26T22:50:18.886000Z,2026-02-26T23:48:13.344000Z,2026-02-27T04:23:34.793000Z,2026-02-26T23:48:13.859709Z,3475.0,C10NEGL9,470,Undergraduate degree (BA/BSc/other),6-9 hours,Man (including Trans Male/Trans Man),White,34,Male,White,Netherlands,Netherlands,Netherlands,Dutch,No,Part-Time
69a0cd3157ea1e8dd15cbadc,697a9cc58e44ed0a6d497a73,APPROVED,Not Applicable,2026-02-26T22:46:09.304000Z,2026-02-26T23:18:54.914000Z,2026-02-27T04:23:32.157000Z,2026-02-26T23:18:55.257333Z,1966.0,C10NEGL9,46,Graduate degree (MA/MSc/MPhil/other),6-9 hours,Man (including Trans Male/Trans Man),White,26,Male,White,Brazil,Brazil,Brazil,Portuguese,No,Full-Time
69a11b4b08e1d7084e919dc5,6995128bd75ec09b6e8b6973,APPROVED,Not Applicable,2026-02-27T04:19:34.439000Z,2026-02-27T04:51:03.980000Z,2026-02-27T19:15:34.628000Z,2026-02-27T04:51:04.307215Z,1890.0,C10NEGL9,105,Secondary education (e.g. GED/GCSE),13 hours or more,Man (including Trans Male/Trans Man),White,36,Male,White,United States,United States,United States,English,No,Unemployed (and job seeking)
69a123b7c84f963e7490bd88,69129a44e90ae61a87c472fd,APPROVED,Not Applicable,2026-02-27T04:57:07.999000Z,2026-02-27T05:43:12.138000Z,2026-02-27T19:15:36.306000Z,2026-02-27T05:43:12.691674Z,2765.0,C10NEGL9,158,Graduate degree (MA/MSc/MPhil/other),10-12 hours,Man (including Trans Male/Trans Man),White,36,Male,White,Brazil,Brazil,Brazil,Portuguese,No,Full-Time
69a1ed82975f23725293058c,66465c850d9a3e177f2649fa,APPROVED,Not Applicable,2026-02-27T19:16:18.349000Z,2026-02-27T19:43:35.340000Z,2026-02-28T21:08:56.921000Z,2026-02-27T19:43:35.686994Z,1637.0,C10NEGL9,1910,High school diploma/A-levels,10-12 hours,Man (including Trans Male/Trans Man),White,35,Male,White,United States,United States,United States,English,No,Unemployed (and job seeking)
69a1ed8b9489f978c2b23b7b,699c8b77fb904ad725023f28,APPROVED,Not Applicable,2026-02-27T19:16:38.522000Z,2026-02-27T19:46:16.021000Z,2026-02-28T21:08:57.190000Z,2026-02-27T19:46:16.378526Z,1778.0,C10NEGL9,6,High school diploma/A-levels,10-12 hours,Man (including Trans Male/Trans Man),Latino/Hispanic,20,Male,Mixed,Chile,Chile,Chile,Spanish,Yes,Part-Time
69a1ed9d2076fb9b39f21a46,6980962a67c3b3ba8cb2836a,APPROVED,Not Applicable,2026-02-27T19:17:21.781000Z,2026-02-27T20:17:34.571000Z,2026-03-08T19:02:32.471000Z,2026-02-27T20:17:34.947966Z,3613.0,C10NEGL9,96,High school diploma/A-levels,6-9 hours,Man (including Trans Male/Trans Man),Middle Eastern,21,Male,White,Egypt,Egypt,Egypt,Arabic,Yes,Unemployed (and job seeking)
69a1edc7c8e56ea565e2c46e,59f8868e05d1d60001f1464d,APPROVED,Not Applicable,2026-02-27T19:17:31.379000Z,2026-02-27T20:12:41.658000Z,2026-02-28T21:08:57.490000Z,2026-02-27T20:12:42.002510Z,3311.0,C10NEGL9,3883,Undergraduate degree (BA/BSc/other),6-9 hours,Man (including Trans Male/Trans Man),White,45,Male,White,United Kingdom,United Kingdom,United Kingdom,English,No,Full-Time
69a1edf81520d6317c9e930b,698df8c121a05e20db810262,APPROVED,Not Applicable,2026-02-27T19:21:44.771000Z,2026-02-27T19:53:49.897000Z,2026-02-28T21:08:57.716000Z,2026-02-27T19:53:50.241049Z,1926.0,C10NEGL9,17,Graduate degree (MA/MSc/MPhil/other),6-9 hours,Woman (including Trans Female/Trans Woman),White,27,Female,White,Poland,Poland,Poland,Polish,No,Part-Time
69a1edf87ed3eb4dff6450e6,5f05c47cf4abed071ef4f83c,RETURNED,Not Applicable,2026-02-27T19:18:16.532000Z,,,2026-03-02T04:35:46.527901Z,,,1321,CONSENT_REVOKED,CONSENT_REVOKED,CONSENT_REVOKED,CONSENT_REVOKED,CONSENT_REVOKED,CONSENT_REVOKED,CONSENT_REVOKED,CONSENT_REVOKED,CONSENT_REVOKED,CONSENT_REVOKED,CONSENT_REVOKED,CONSENT_REVOKED,CONSENT_REVOKED
69a1ee4c96a4873693219260,60da6f47359a9fc411cc8313,APPROVED,Not Applicable,2026-02-27T19:19:45.516000Z,2026-02-27T19:47:28.936000Z,2026-02-28T21:08:57.950000Z,2026-02-27T19:47:29.272735Z,1664.0,C10NEGL9,1431,High school diploma/A-levels,10-12 hours,Man (including Trans Male/Trans Man),White,23,Male,White,United States,United States,United States,English,No,Part-Time
69a1ee852e97c2d247f99f22,5c11202b0c2bfd0001864f47,RETURNED,Not Applicable,2026-02-27T19:20:37.903000Z,,,2026-03-02T04:35:46.530112Z,,,432,CONSENT_REVOKED,CONSENT_REVOKED,CONSENT_REVOKED,CONSENT_REVOKED,CONSENT_REVOKED,CONSENT_REVOKED,CONSENT_REVOKED,CONSENT_REVOKED,CONSENT_REVOKED,CONSENT_REVOKED,CONSENT_REVOKED,CONSENT_REVOKED,CONSENT_REVOKED
69a1f01d8e514ac119b22e36,6989f4760694ce91b5bc35f7,RETURNED,Not Applicable,2026-02-27T19:27:25.966000Z,,,2026-03-02T04:35:46.531769Z,,,27,CONSENT_REVOKED,CONSENT_REVOKED,CONSENT_REVOKED,CONSENT_REVOKED,CONSENT_REVOKED,CONSENT_REVOKED,CONSENT_REVOKED,CONSENT_REVOKED,CONSENT_REVOKED,CONSENT_REVOKED,CONSENT_REVOKED,CONSENT_REVOKED,CONSENT_REVOKED
69a1f050a55872d360d9c917,68d426c34f459ec563f5819a,RETURNED,Not Applicable,2026-02-27T19:28:22.533000Z,,,2026-03-02T04:35:46.533868Z,,,573,CONSENT_REVOKED,CONSENT_REVOKED,CONSENT_REVOKED,CONSENT_REVOKED,CONSENT_REVOKED,CONSENT_REVOKED,CONSENT_REVOKED,CONSENT_REVOKED,CONSENT_REVOKED,CONSENT_REVOKED,CONSENT_REVOKED,CONSENT_REVOKED,CONSENT_REVOKED
69a1f054da364bcfae0b6cac,66a16e0b41e98cb469f12b0b,RETURNED,Not Applicable,2026-02-27T19:28:20.375000Z,,,2026-03-02T04:35:46.536077Z,,,750,CONSENT_REVOKED,CONSENT_REVOKED,CONSENT_REVOKED,CONSENT_REVOKED,CONSENT_REVOKED,CONSENT_REVOKED,CONSENT_REVOKED,CONSENT_REVOKED,CONSENT_REVOKED,CONSENT_REVOKED,CONSENT_REVOKED,CONSENT_REVOKED,CONSENT_REVOKED
69a1f14dcd409cfd41b5ebd1,694450def35fefed78f84907,RETURNED,Not Applicable,2026-02-27T19:32:29.166000Z,,,2026-03-02T04:35:46.538193Z,,,21,CONSENT_REVOKED,CONSENT_REVOKED,CONSENT_REVOKED,CONSENT_REVOKED,CONSENT_REVOKED,CONSENT_REVOKED,CONSENT_REVOKED,CONSENT_REVOKED,CONSENT_REVOKED,CONSENT_REVOKED,CONSENT_REVOKED,CONSENT_REVOKED,CONSENT_REVOKED
69a1f19d0327e6d9cd79270a,699b19eb2744be8e2c9e73ed,APPROVED,Not Applicable,2026-02-27T19:33:49.332000Z,2026-02-27T20:33:10.051000Z,2026-02-28T21:08:58.739000Z,2026-02-27T20:33:10.409880Z,3561.0,C10NEGL9,2,Undergraduate degree (BA/BSc/other),6-9 hours,Man (including Trans Male/Trans Man),Latino/Hispanic,33,Male,Other,Mexico,Mexico,Mexico,Spanish,No,Unemployed (and job seeking)
69a1f1b422fb9b8c95c1a8a6,698a4bd40711b1611e7f96ca,RETURNED,Not Applicable,2026-02-27T19:34:12.844000Z,,,2026-03-02T04:35:46.539655Z,,,36,CONSENT_REVOKED,CONSENT_REVOKED,CONSENT_REVOKED,CONSENT_REVOKED,CONSENT_REVOKED,CONSENT_REVOKED,CONSENT_REVOKED,CONSENT_REVOKED,CONSENT_REVOKED,CONSENT_REVOKED,CONSENT_REVOKED,CONSENT_REVOKED,CONSENT_REVOKED
69a1f58074b81ce28ada2317,69a07c9683353f56f4e8bc70,APPROVED,Not Applicable,2026-02-27T19:50:24.539000Z,2026-02-27T20:20:34.637000Z,2026-02-28T21:08:58.957000Z,2026-02-27T20:20:35.025668Z,1811.0,C10NEGL9,8,Graduate degree (MA/MSc/MPhil/other),13 hours or more,Man (including Trans Male/Trans Man),Middle Eastern,24,Male,White,Egypt,Egypt,Egypt,Arabic,No,Unemployed (and job seeking)
69a1f7191075ebc2bad6ad05,66b93f99d7c07d8558f67c5c,APPROVED,Not Applicable,2026-02-27T19:57:22.713000Z,2026-02-27T20:32:17.927000Z,2026-02-28T21:08:59.191000Z,2026-02-27T20:32:18.297439Z,2096.0,C10NEGL9,420,Undergraduate degree (BA/BSc/other),13 hours or more,Man (including Trans Male/Trans Man),White,33,Male,White,New Zealand,New Zealand,New Zealand,English,No,Full-Time
69a379b9923a6778b530aea1,69967d911d9f679e547767a2,APPROVED,Not Applicable,2026-02-28T23:26:49.298000Z,2026-03-01T00:51:05.603000Z,2026-03-08T19:02:33.130000Z,2026-03-01T00:51:06.108021Z,5057.0,C10NEGL9,3,High school diploma/A-levels,13 hours or more,Woman (including Trans Female/Trans Woman),White,33,Male,White,Bulgaria,France,France,French,No,Unemployed (and job seeking)
69a379ba28a550165b55ad83,5ee3ed811359a50d752fa0fc,RETURNED,Not Applicable,2026-02-28T23:26:50.938000Z,,,2026-03-02T04:35:46.541239Z,,,1447,CONSENT_REVOKED,CONSENT_REVOKED,CONSENT_REVOKED,CONSENT_REVOKED,CONSENT_REVOKED,CONSENT_REVOKED,CONSENT_REVOKED,CONSENT_REVOKED,CONSENT_REVOKED,CONSENT_REVOKED,CONSENT_REVOKED,CONSENT_REVOKED,CONSENT_REVOKED
69a37c63370d39d65d709acd,6989bc7b28c71e3280a6e7f6,APPROVED,Not Applicable,2026-02-28T23:39:06.130000Z,2026-03-01T00:18:59.874000Z,2026-03-08T19:02:33.398000Z,2026-03-01T00:19:00.218127Z,2394.0,C10NEGL9,45,Graduate degree (MA/MSc/MPhil/other),10-12 hours,Man (including Trans Male/Trans Man),Middle Eastern,24,Male,Mixed,Egypt,Egypt,Egypt,Arabic,No,Full-Time
69a39bb745c4b849ebe13eb1,6930ddbb1de3accea0a61bf6,TIMED-OUT,Not Applicable,2026-03-01T01:53:08.275000Z,,,2026-03-02T04:35:46.544387Z,96159.0,,279,Graduate degree (MA/MSc/MPhil/other),13 hours or more,Man (including Trans Male/Trans Man),White,30,Male,White,Portugal,Portugal,Portugal,Portuguese,No,Other
69a39bb9658256c06f752379,698099a5a3cc7a1ea8a20ab3,RETURNED,Not Applicable,2026-03-01T01:51:56.880000Z,,,2026-03-02T04:35:46.548224Z,,,25,CONSENT_REVOKED,CONSENT_REVOKED,CONSENT_REVOKED,CONSENT_REVOKED,CONSENT_REVOKED,CONSENT_REVOKED,CONSENT_REVOKED,CONSENT_REVOKED,CONSENT_REVOKED,CONSENT_REVOKED,CONSENT_REVOKED,CONSENT_REVOKED,CONSENT_REVOKED
69a39de8608df6234f2019ab,56896501d3d6a7000ca23da8,RETURNED,Not Applicable,2026-03-01T02:01:22.313000Z,,,2026-03-02T04:35:46.548187Z,,,2870,CONSENT_REVOKED,CONSENT_REVOKED,CONSENT_REVOKED,CONSENT_REVOKED,CONSENT_REVOKED,CONSENT_REVOKED,CONSENT_REVOKED,CONSENT_REVOKED,CONSENT_REVOKED,CONSENT_REVOKED,CONSENT_REVOKED,CONSENT_REVOKED,CONSENT_REVOKED
69a3a7121ca46d6a9294a19a,698a1701a5b02ba695e33055,APPROVED,Not Applicable,2026-03-01T02:40:18.311000Z,2026-03-01T03:16:47.263000Z,2026-03-08T19:02:33.668000Z,2026-03-01T03:16:47.616755Z,2189.0,C10NEGL9,74,Undergraduate degree (BA/BSc/other),13 hours or more,Man (including Trans Male/Trans Man),White,25,Male,White,Egypt,Egypt,Egypt,Arabic,No,Part-Time
69a3ae9130e952cc087ef50e,697fa6c649bf75696f73c7c0,APPROVED,Not Applicable,2026-03-01T03:12:32.607000Z,2026-03-01T04:22:49.577000Z,2026-03-08T19:02:33.952000Z,2026-03-01T04:22:50.097779Z,4217.0,C10NEGL9,9,Graduate degree (MA/MSc/MPhil/other),6-9 hours,Man (including Trans Male/Trans Man),White,40,Male,White,Portugal,Portugal,Portugal,Portuguese,No,Full-Time
69a4dab27a0b983be3bcbd62,669a65bbe45b41c3162d0d79,APPROVED,Not Applicable,2026-03-02T00:32:55.280000Z,2026-03-02T01:05:39.326000Z,2026-03-08T19:02:34.244000Z,2026-03-02T01:05:39.712168Z,1965.0,C10NEGL9,250,High school diploma/A-levels,10-12 hours,Man (including Trans Male/Trans Man),White,21,Male,White,Italy,Italy,Italy,Italian,Yes,Other
69a4dab5351c2a487474b6be,697bacf779007fb89caad347,APPROVED,Not Applicable,2026-03-02T00:35:00.730000Z,2026-03-02T01:53:24.276000Z,2026-03-08T19:02:34.550000Z,2026-03-02T01:53:24.627005Z,4704.0,C10NEGL9,28,Graduate degree (MA/MSc/MPhil/other),13 hours or more,Man (including Trans Male/Trans Man),Latino/Hispanic,25,Male,Other,Mexico,Mexico,Mexico,Spanish,No,Unemployed (and job seeking)
69a4dab776b046af9b3ebe73,6987fbc16603cc742ebec4ec,APPROVED,Not Applicable,2026-03-02T00:32:55.530000Z,2026-03-02T01:08:58.554000Z,2026-03-08T19:02:34.858000Z,2026-03-02T01:08:58.895763Z,2164.0,C10NEGL9,3,High school diploma/A-levels,13 hours or more,Man (including Trans Male/Trans Man),Middle Eastern,20,Male,Prefer not to say,Egypt,Egypt,Egypt,Arabic,Yes,Unemployed (and job seeking)
69a4dab8360bee8436cb80c5,6155402f3ce59cb498a773ae,RETURNED,Not Applicable,2026-03-02T00:33:01.003000Z,,,2026-03-02T04:35:46.550076Z,,,373,CONSENT_REVOKED,CONSENT_REVOKED,CONSENT_REVOKED,CONSENT_REVOKED,CONSENT_REVOKED,CONSENT_REVOKED,CONSENT_REVOKED,CONSENT_REVOKED,CONSENT_REVOKED,CONSENT_REVOKED,CONSENT_REVOKED,CONSENT_REVOKED,CONSENT_REVOKED
69a4dab8a1025db386f87b99,6581c0e7703c9d00a5d2e6da,APPROVED,Not Applicable,2026-03-02T00:33:43.162000Z,2026-03-02T01:26:15.627000Z,2026-03-08T19:02:35.148000Z,2026-03-02T01:26:15.985333Z,3153.0,C10NEGL9,137,Technical/community college,13 hours or more,Man (including Trans Male/Trans Man),Middle Eastern,23,Male,Other,Sweden,Sweden,Sweden,Swedish,No,Full-Time
69a4dabb6b2c027f015b2b88,697cee693cacc7fc3ccaedb3,APPROVED,Not Applicable,2026-03-02T00:32:59.299000Z,2026-03-02T01:01:05.769000Z,2026-03-08T19:02:35.409000Z,2026-03-02T01:01:06.141548Z,1687.0,C10NEGL9,47,High school diploma/A-levels,10-12 hours,Man (including Trans Male/Trans Man),White,20,Male,White,Portugal,Portugal,Portugal,Portuguese,Yes,"Not in paid work (e.g. homemaker', 'retired or disabled)"
69a4dabbc1fe4449df65098e,69781e065ba9a4f5f1743c76,APPROVED,Not Applicable,2026-03-02T00:34:27.870000Z,2026-03-02T01:02:15.486000Z,2026-03-08T19:02:35.676000Z,2026-03-02T01:02:15.829091Z,1668.0,C10NEGL9,127,Undergraduate degree (BA/BSc/other),13 hours or more,Man (including Trans Male/Trans Man),White,24,Male,White,Belarus,Poland,Belarus,Russian,No,Full-Time
69a4dabc6b2c027f015b2b8a,697b7d329eb08e3eb1ec8e2b,APPROVED,Not Applicable,2026-03-02T00:34:59.592000Z,2026-03-02T01:36:45.579000Z,2026-03-08T19:02:35.953000Z,2026-03-02T01:36:45.937155Z,3706.0,C10NEGL9,31,Graduate degree (MA/MSc/MPhil/other),6-9 hours,Man (including Trans Male/Trans Man),Latino/Hispanic,35,Male,Mixed,Mexico,Mexico,Mexico,Spanish,No,Part-Time
69a4dabd1ed1aef4dafe2c55,6980f6cc2ff4876b54137f5c,RETURNED,Not Applicable,2026-03-02T00:33:18.174000Z,,,2026-03-02T04:35:46.552160Z,,,14,CONSENT_REVOKED,CONSENT_REVOKED,CONSENT_REVOKED,CONSENT_REVOKED,CONSENT_REVOKED,CONSENT_REVOKED,CONSENT_REVOKED,CONSENT_REVOKED,CONSENT_REVOKED,CONSENT_REVOKED,CONSENT_REVOKED,CONSENT_REVOKED,CONSENT_REVOKED
69a4dabe6867cb7ea79e06af,697395249c702f76772b1587,TIMED-OUT,Not Applicable,2026-03-02T00:35:34.292000Z,,,2026-03-02T04:35:46.556404Z,14413.0,,52,High school diploma/A-levels,13 hours or more,Man (including Trans Male/Trans Man),White,27,Male,White,Italy,Italy,Italy,Italian,No,Full-Time
69a4db00031db13ee84260bc,6980e32bc22bae8cb57154ed,APPROVED,Not Applicable,2026-03-02T00:34:08.016000Z,2026-03-02T01:08:09.856000Z,2026-03-08T19:02:36.253000Z,2026-03-02T01:08:10.226958Z,2042.0,C10NEGL9,29,Graduate degree (MA/MSc/MPhil/other),6-9 hours,Man (including Trans Male/Trans Man),African,25,Male,White,Morocco,Morocco,Morocco,Arabic,Yes,Unemployed (and job seeking)
69a4dc072de7c72f939a34bc,67d176d43a49e93492696734,TIMED-OUT,Not Applicable,2026-03-02T00:38:33.627000Z,,,2026-03-02T04:35:46.555659Z,14233.0,,888,Technical/community college,13 hours or more,Man (including Trans Male/Trans Man),African,26,Male,Black,South Africa,South Africa,South Africa,English,Yes,Full-Time
69a4ede0e3517a6c95b2d699,631610af8e747093cd90e00d,APPROVED,Not Applicable,2026-03-02T01:54:44.388000Z,2026-03-02T02:26:29.519000Z,2026-03-08T19:02:36.561000Z,2026-03-02T02:26:30.030283Z,1906.0,C10NEGL9,6133,High school diploma/A-levels,13 hours or more,Woman (including Trans Female/Trans Woman),White,41,Male,Mixed,United Kingdom,United Kingdom,United Kingdom,English,No,Full-Time
69a4ee9660c0c5241ef4cb1d,697944af338eef9df5fe1845,APPROVED,Not Applicable,2026-03-02T01:57:51.483000Z,2026-03-02T02:25:19.047000Z,2026-03-08T19:02:36.831000Z,2026-03-02T02:25:19.395230Z,1648.0,C10NEGL9,151,Undergraduate degree (BA/BSc/other),6-9 hours,Woman (including Trans Female/Trans Woman),South Asian,21,Female,Asian,United States,United Kingdom,United Kingdom,English,Yes,Unemployed (and job seeking)
69a4fae7657089920d367ce8,6980963784c580dd87bb1a3a,APPROVED,Not Applicable,2026-03-02T02:52:54.460000Z,2026-03-02T04:10:59.955000Z,2026-03-08T19:02:37.100000Z,2026-03-02T04:11:00.310832Z,4686.0,C10NEGL9,68,Undergraduate degree (BA/BSc/other),6-9 hours,Man (including Trans Male/Trans Man),Middle Eastern,23,Male,Other,Egypt,Egypt,Egypt,Arabic,No,Full-Time
69a4faea93d249ec80034fa7,61164e823465955346dc1827,APPROVED,Not Applicable,2026-03-02T02:50:23.929000Z,2026-03-02T03:33:16.855000Z,2026-03-08T19:02:37.393000Z,2026-03-02T03:33:17.235997Z,2573.0,C10NEGL9,248,High school diploma/A-levels,10-12 hours,Man (including Trans Male/Trans Man),African,24,Male,Black,South Africa,South Africa,South Africa,English,No,Full-Time
69a4faebeb0004f19e55a7af,698efa571f78c2fb8bc759fc,APPROVED,Not Applicable,2026-03-02T02:50:19.508000Z,2026-03-02T03:15:37.251000Z,2026-03-08T19:02:38.354000Z,2026-03-02T03:15:38.172450Z,1518.0,C10NEGL9,17,No formal qualifications,13 hours or more,Man (including Trans Male/Trans Man),White,21,Male,White,Poland,Poland,Poland,Polish,No,Unemployed (and job seeking)
69a4faec09ccd76ef89ffd18,66d0944b9f8f566817ad708c,APPROVED,Not Applicable,2026-03-02T02:50:25.169000Z,2026-03-02T03:09:51.780000Z,2026-03-08T19:02:39.857000Z,2026-03-02T03:09:52.146343Z,1167.0,C10NEGL9,258,Undergraduate degree (BA/BSc/other),13 hours or more,Man (including Trans Male/Trans Man),African,21,Male,Black,South Africa,South Africa,South Africa,English,Yes,Part-Time
69a4faedabeaf37d2eeb1f51,6111d08247ef6871bf11ec6b,APPROVED,Not Applicable,2026-03-02T02:50:21.629000Z,2026-03-02T03:16:57.451000Z,2026-03-08T19:02:40.982000Z,2026-03-02T03:16:57.811987Z,1596.0,C10NEGL9,2296,Graduate degree (MA/MSc/MPhil/other),6-9 hours,Man (including Trans Male/Trans Man),White,30,Male,White,Portugal,Portugal,Portugal,Portuguese,Yes,Full-Time
69a4faf5d986b28123f0b506,5eaaf821f43b4407d0793649,RETURNED,Not Applicable,2026-03-02T02:50:29.844000Z,,,2026-03-02T04:35:46.557034Z,,,574,CONSENT_REVOKED,CONSENT_REVOKED,CONSENT_REVOKED,CONSENT_REVOKED,CONSENT_REVOKED,CONSENT_REVOKED,CONSENT_REVOKED,CONSENT_REVOKED,CONSENT_REVOKED,CONSENT_REVOKED,CONSENT_REVOKED,CONSENT_REVOKED,CONSENT_REVOKED
69a4faf7290542423035a291,5edeea354d54cb1a825aa8f9,RETURNED,Not Applicable,2026-03-02T02:50:49.182000Z,,,2026-03-02T04:35:46.560358Z,,,8322,CONSENT_REVOKED,CONSENT_REVOKED,CONSENT_REVOKED,CONSENT_REVOKED,CONSENT_REVOKED,CONSENT_REVOKED,CONSENT_REVOKED,CONSENT_REVOKED,CONSENT_REVOKED,CONSENT_REVOKED,CONSENT_REVOKED,CONSENT_REVOKED,CONSENT_REVOKED
69a4faf7c0f59a7d4b16af53,66b7c04e75051c539d8b4776,APPROVED,Not Applicable,2026-03-02T02:50:41.123000Z,2026-03-02T03:11:01.424000Z,2026-03-08T19:02:41.729000Z,2026-03-02T03:11:01.999747Z,1221.0,C10NEGL9,1049,Graduate degree (MA/MSc/MPhil/other),13 hours or more,Man (including Trans Male/Trans Man),Latino/Hispanic,33,Male,Mixed,Chile,Chile,Chile,Spanish,Yes,Full-Time
69a4faf8068f5a961bea476b,5cd0909f6e2d5800163ed5de,APPROVED,Not Applicable,2026-03-02T02:50:38.222000Z,2026-03-02T03:05:16.756000Z,2026-03-08T19:02:42.876000Z,2026-03-02T03:05:17.100755Z,879.0,C10NEGL9,1172,High school diploma/A-levels,6-9 hours,Man (including Trans Male/Trans Man),White,28,Male,White,Poland,Poland,Poland,Polish,No,Unemployed (and job seeking)
69a4faf8af61cfb69ba9576a,6983969b6ac55b26361bb853,APPROVED,Not Applicable,2026-03-02T02:50:35.596000Z,2026-03-02T03:28:01.829000Z,2026-03-08T19:02:43.124000Z,2026-03-02T03:28:02.186852Z,2247.0,C10NEGL9,8,Undergraduate degree (BA/BSc/other),6-9 hours,Woman (including Trans Female/Trans Woman),Middle Eastern,38,Female,Other,Egypt,Egypt,Egypt,Arabic,No,Part-Time
69a4fcc2888d846e7607a041,6501b789e3ddbc0a0b79b925,APPROVED,Not Applicable,2026-03-02T02:58:13.433000Z,2026-03-02T03:45:06.413000Z,2026-03-08T19:02:43.405000Z,2026-03-02T03:45:06.786679Z,2813.0,C10NEGL9,2419,Undergraduate degree (BA/BSc/other),6-9 hours,Man (including Trans Male/Trans Man),White,24,Male,White,Canada,Canada,Canada,English,Yes,Full-Time
69a500e11f7b267a72a1925e,68c03814183fb278ae8ac1c9,APPROVED,Not Applicable,2026-03-02T03:18:36.504000Z,2026-03-02T04:17:00.252000Z,2026-03-08T19:02:43.654000Z,2026-03-02T04:17:00.811733Z,3504.0,C10NEGL9,784,High school diploma/A-levels,13 hours or more,Man (including Trans Male/Trans Man),Middle Eastern,19,Male,Mixed,Egypt,Egypt,Egypt,Arabic,Yes,Due to start a new job within the next month
69a516d81c26aedf9cb13b68,697cc43dc4b579fea895a9e9,RETURNED,Not Applicable,2026-03-02T04:49:34.750000Z,,,2026-03-05T22:36:51.534647Z,,,48,CONSENT_REVOKED,CONSENT_REVOKED,CONSENT_REVOKED,CONSENT_REVOKED,CONSENT_REVOKED,CONSENT_REVOKED,CONSENT_REVOKED,CONSENT_REVOKED,CONSENT_REVOKED,CONSENT_REVOKED,CONSENT_REVOKED,CONSENT_REVOKED,CONSENT_REVOKED
69a516dbda43c4d97cfeb689,673e66683243bb7c85a17b5a,APPROVED,Not Applicable,2026-03-02T04:51:10.157000Z,2026-03-02T05:33:35.004000Z,2026-03-08T19:02:43.918000Z,2026-03-02T05:33:35.489136Z,2545.0,C10NEGL9,812,High school diploma/A-levels,13 hours or more,Man (including Trans Male/Trans Man),Mixed,19,Male,White,Netherlands,Netherlands,Netherlands,Dutch,Yes,Part-Time
69a516dbfb4202a8e4504499,68d3f90c71dc2351e2b2d41e,APPROVED,Not Applicable,2026-03-02T04:49:56.035000Z,2026-03-02T05:44:41.615000Z,2026-03-08T19:02:44.179000Z,2026-03-02T05:44:41.969083Z,3286.0,C10NEGL9,203,Graduate degree (MA/MSc/MPhil/other),10-12 hours,Man (including Trans Male/Trans Man),Black/African American,23,Male,Black,Morocco,Morocco,Morocco,Arabic,No,Part-Time
69a516e2d849d0db841f8f27,60f1fab1ed6d20a28555979f,RETURNED,Not Applicable,,,,2026-03-05T22:36:51.504725Z,,,1192,CONSENT_REVOKED,CONSENT_REVOKED,CONSENT_REVOKED,CONSENT_REVOKED,CONSENT_REVOKED,CONSENT_REVOKED,CONSENT_REVOKED,CONSENT_REVOKED,CONSENT_REVOKED,CONSENT_REVOKED,CONSENT_REVOKED,CONSENT_REVOKED,CONSENT_REVOKED
69a516e7083605fbe6d313d0,5eee22ab319d6928d2ec1030,APPROVED,Not Applicable,2026-03-02T04:49:43.918000Z,2026-03-02T05:29:35.628000Z,2026-03-02T20:22:23.699000Z,2026-03-02T05:29:35.988080Z,2392.0,C10NEGL9,209,High school diploma/A-levels,13 hours or more,Man (including Trans Male/Trans Man),African,26,Male,Black,Nigeria,South Africa,Nigeria,English,No,Full-Time
69a516e9313ce15c37f0c2c4,68bb85dca4c5cc35b70f499b,APPROVED,Not Applicable,2026-03-02T04:50:12.389000Z,2026-03-02T05:13:35.655000Z,2026-03-08T19:02:44.431000Z,2026-03-02T05:13:36.014809Z,1404.0,C10NEGL9,395,Undergraduate degree (BA/BSc/other),6-9 hours,Man (including Trans Male/Trans Man),South Asian,36,Male,Asian,Malaysia,Malaysia,Malaysia,Malay,No,Full-Time
69a516e9b44856b1424b343d,65fb0b185f0a504431d66cf1,RETURNED,Not Applicable,2026-03-02T04:49:45.824000Z,,,2026-03-05T22:36:51.707579Z,,,1559,CONSENT_REVOKED,CONSENT_REVOKED,CONSENT_REVOKED,CONSENT_REVOKED,CONSENT_REVOKED,CONSENT_REVOKED,CONSENT_REVOKED,CONSENT_REVOKED,CONSENT_REVOKED,CONSENT_REVOKED,CONSENT_REVOKED,CONSENT_REVOKED,CONSENT_REVOKED
69a516e9d3c27bc853ef3897,698260ce3951fc5c27fc3dbc,APPROVED,Not Applicable,2026-03-02T04:49:45.247000Z,2026-03-02T06:12:03.476000Z,2026-03-08T19:02:44.696000Z,2026-03-02T06:12:03.822146Z,4939.0,C10NEGL9,47,Undergraduate degree (BA/BSc/other),13 hours or more,Man (including Trans Male/Trans Man),Latino/Hispanic,25,Male,Mixed,Brazil,Brazil,Brazil,Portuguese,Yes,Part-Time
69a516eeb4b96633b18564c6,566bdeb3beaf21001240085a,APPROVED,Not Applicable,2026-03-02T04:50:25.916000Z,2026-03-02T05:26:18.288000Z,2026-03-08T19:02:44.961000Z,2026-03-02T05:26:18.623265Z,2153.0,C10NEGL9,2365,Undergraduate degree (BA/BSc/other),13 hours or more,Man (including Trans Male/Trans Man),Latino/Hispanic,39,Male,Mixed,Mexico,Mexico,Mexico,Spanish,Yes,Part-Time
69a516ef5f5bfa1a53495ec8,69348f64be85265e846c5117,APPROVED,Not Applicable,2026-03-02T04:49:51.405000Z,2026-03-02T05:27:43.470000Z,2026-03-08T19:02:45.210000Z,2026-03-02T05:27:43.811346Z,2273.0,C10NEGL9,140,Secondary education (e.g. GED/GCSE),13 hours or more,Man (including Trans Male/Trans Man),East Asian,18,Male,Asian,China,Canada,Canada,Chinese,Yes,Unemployed (and job seeking)
69a517778d5d58150d678075,5a947fb0f05361000171b5a3,APPROVED,Not Applicable,2026-03-02T04:53:19.783000Z,2026-03-02T05:27:50.838000Z,2026-03-08T19:02:45.480000Z,2026-03-02T05:27:51.178347Z,2072.0,C10NEGL9,6846,High school diploma/A-levels,13 hours or more,Man (including Trans Male/Trans Man),White,26,Male,White,United States,United States,United States,English,No,Full-Time
69a51901efb6d048925b2b44,697a6fce0a9b7d9421c02d77,APPROVED,Not Applicable,2026-03-02T04:59:15.866000Z,2026-03-02T05:30:09.813000Z,2026-03-08T19:02:45.833000Z,2026-03-02T05:30:10.217075Z,1854.0,C10NEGL9,104,Technical/community college,10-12 hours,Man (including Trans Male/Trans Man),Latino/Hispanic,24,Male,White,Brazil,Brazil,Brazil,Portuguese,No,Unemployed (and job seeking)
69a52465e410410306a642f6,699f6b2ff9170ee287ce9161,APPROVED,Not Applicable,2026-03-02T05:47:26.155000Z,2026-03-02T06:18:20.684000Z,2026-03-08T19:02:46.302000Z,2026-03-02T06:18:21.198815Z,1855.0,C10NEGL9,1,Undergraduate degree (BA/BSc/other),6-9 hours,Man (including Trans Male/Trans Man),Latino/Hispanic,29,Male,White,Chile,Chile,Chile,Spanish,No,Part-Time
69a5f49a23d2e6ab4da8c7b1,6977c0dd24d3fdad12e17e23,APPROVED,Not Applicable,2026-03-02T20:35:55.015000Z,2026-03-02T21:21:36.310000Z,2026-03-08T19:02:47.306000Z,2026-03-02T21:21:36.646322Z,2742.0,C10NEGL9,94,High school diploma/A-levels,6-9 hours,Woman (including Trans Female/Trans Woman),White,30,Female,White,Italy,Italy,Italy,Italian,Yes,Unemployed (and job seeking)
69a5f49cc8c5d7c13e103e96,697d5e0f7563e62c0dddf2e7,APPROVED,Not Applicable,2026-03-02T20:40:36.416000Z,2026-03-02T21:07:29.237000Z,2026-03-08T19:02:49.050000Z,2026-03-02T21:07:29.612578Z,1613.0,C10NEGL9,88,High school diploma/A-levels,10-12 hours,Man (including Trans Male/Trans Man),White,19,Male,White,Portugal,Portugal,Portugal,Portuguese,Yes,Unemployed (and job seeking)
69a5f49ccfbb31aaf4e85bf6,69346587dfdffc1057144d32,APPROVED,Not Applicable,2026-03-02T20:36:19.587000Z,2026-03-02T20:55:37.816000Z,2026-03-08T19:02:49.546000Z,2026-03-02T20:55:38.188246Z,1159.0,C10NEGL9,53,High school diploma/A-levels,6-9 hours,Man (including Trans Male/Trans Man),White,21,Male,White,Hungary,Hungary,Hungary,Hungarian,Yes,Unemployed (and job seeking)
69a5f49dc3c744484ca1fcc8,6941c8bfb62e4a8cb89c8925,APPROVED,Not Applicable,2026-03-02T20:36:00.703000Z,2026-03-02T20:55:54.795000Z,2026-03-08T19:02:50.293000Z,2026-03-02T20:55:55.161790Z,1195.0,C10NEGL9,86,Technical/community college,13 hours or more,Man (including Trans Male/Trans Man),White,23,Male,White,Poland,Poland,Poland,Polish,Yes,Other
69a5f49efe4f58c68959e964,5e1b3b93f07b72359c0c4ffe,APPROVED,Not Applicable,2026-03-02T20:35:48.783000Z,2026-03-02T21:11:10.836000Z,2026-03-08T19:02:51.249000Z,2026-03-02T21:11:11.189279Z,2123.0,C10NEGL9,930,High school diploma/A-levels,6-9 hours,Man (including Trans Male/Trans Man),White,36,Male,White,Albania,Italy,Italy,English,No,Full-Time
69a5f49f2b5978f8770de5b1,60c13bce0d8616e48d044bd0,APPROVED,Not Applicable,2026-03-02T20:35:52.659000Z,2026-03-02T21:20:45.708000Z,2026-03-08T19:02:51.912000Z,2026-03-02T21:20:46.061050Z,2694.0,C10NEGL9,2584,Graduate degree (MA/MSc/MPhil/other),10-12 hours,Man (including Trans Male/Trans Man),Mixed,30,Male,Mixed,Spain,Spain,Spain,Spanish,No,Full-Time
69a5f49f9e93e0bdea39b5c5,5b68c9eb87af310001584803,APPROVED,Not Applicable,2026-03-02T20:35:50.556000Z,2026-03-02T21:18:03.417000Z,2026-03-08T19:02:54.016000Z,2026-03-02T21:18:03.766770Z,2533.0,C10NEGL9,8283,Undergraduate degree (BA/BSc/other),13 hours or more,Man (including Trans Male/Trans Man),South Asian,29,Male,Asian,United Kingdom,United Kingdom,United Kingdom,English,No,Full-Time
69a5f49ff043a2d68228953a,60fc39cce64c39328a7c8904,RETURNED,Not Applicable,,,,2026-03-05T22:36:51.590558Z,,,3167,CONSENT_REVOKED,CONSENT_REVOKED,CONSENT_REVOKED,CONSENT_REVOKED,CONSENT_REVOKED,CONSENT_REVOKED,CONSENT_REVOKED,CONSENT_REVOKED,CONSENT_REVOKED,CONSENT_REVOKED,CONSENT_REVOKED,CONSENT_REVOKED,CONSENT_REVOKED
69a5f4a0ca5ef1ac58f695c3,6992fdf8bd688e6c9f7627b8,APPROVED,Not Applicable,2026-03-02T20:35:57.718000Z,2026-03-02T21:22:05.852000Z,2026-03-08T19:02:54.776000Z,2026-03-02T21:22:06.231955Z,2769.0,C10NEGL9,24,Undergraduate degree (BA/BSc/other),13 hours or more,Man (including Trans Male/Trans Man),White,20,Male,White,Netherlands,Netherlands,Netherlands,Dutch,No,Unemployed (and job seeking)
69a5f4a168c881f82b897592,641359b5040c453203e2c088,APPROVED,Not Applicable,2026-03-02T20:35:48.549000Z,2026-03-02T21:32:28.325000Z,2026-03-08T19:02:55.209000Z,2026-03-02T21:32:28.854761Z,3400.0,C10NEGL9,6120,High school diploma/A-levels,13 hours or more,Man (including Trans Male/Trans Man),Black/African American,24,Male,Mixed,United States,United States,United States,English,No,Full-Time
69a5f4a714766a01608dbc06,5c4684826a7dbc00017c0a87,APPROVED,Not Applicable,2026-03-02T20:36:29.157000Z,2026-03-02T20:59:07.994000Z,2026-03-08T19:02:55.501000Z,2026-03-02T20:59:08.354803Z,1359.0,C10NEGL9,4301,High school diploma/A-levels,6-9 hours,Non-binary (would like to give more detail),African,26,Male,Black,United States,United States,United States,English,No,Other
69a61e47dfc87ffeeb9de277,698ce4c33956b8cb4fc8f802,APPROVED,Not Applicable,2026-03-02T23:33:27.784000Z,2026-03-03T00:08:55.687000Z,2026-03-08T19:02:55.809000Z,2026-03-03T00:08:56.032187Z,2128.0,C10NEGL9,10,High school diploma/A-levels,13 hours or more,Man (including Trans Male/Trans Man),Latino/Hispanic,27,Male,White,Chile,Chile,Chile,Spanish,Yes,Unemployed (and job seeking)
69a61e4924cc30e3e6cb442b,698dfb569c22eca3eb8b65fa,APPROVED,Not Applicable,2026-03-02T23:33:31.498000Z,2026-03-03T00:09:29.144000Z,2026-03-08T19:02:56.056000Z,2026-03-03T00:09:29.493258Z,2158.0,C10NEGL9,39,Secondary education (e.g. GED/GCSE),13 hours or more,Man (including Trans Male/Trans Man),White,20,Male,White,Poland,Poland,Poland,Polish,No,Unemployed (and job seeking)
69a61e492e5215f690842541,5c86d4f7d7c01f001660d938,RETURNED,Not Applicable,2026-03-02T23:33:29.071000Z,,,2026-03-05T22:36:51.994939Z,,,1041,CONSENT_REVOKED,CONSENT_REVOKED,CONSENT_REVOKED,CONSENT_REVOKED,CONSENT_REVOKED,CONSENT_REVOKED,CONSENT_REVOKED,CONSENT_REVOKED,CONSENT_REVOKED,CONSENT_REVOKED,CONSENT_REVOKED,CONSENT_REVOKED,CONSENT_REVOKED
69a61e4a0bd93f7b79c16bef,5d1f5c20aaa27b001954de31,APPROVED,Not Applicable,2026-03-02T23:33:30.576000Z,2026-03-03T00:09:34.223000Z,2026-03-08T19:02:56.314000Z,2026-03-03T00:09:34.585657Z,2164.0,C10NEGL9,1129,Graduate degree (MA/MSc/MPhil/other),13 hours or more,Man (including Trans Male/Trans Man),White,28,Male,White,Greece,Greece,Greece,Greek,No,Full-Time
69a61e4bb2a5498c15e8029a,6989cbe1ec0087fc9a540678,APPROVED,Not Applicable,2026-03-02T23:35:23.598000Z,2026-03-03T00:07:00.592000Z,2026-03-08T19:02:56.597000Z,2026-03-03T00:07:00.920019Z,1897.0,C10NEGL9,63,Graduate degree (MA/MSc/MPhil/other),10-12 hours,Man (including Trans Male/Trans Man),White,28,Male,White,Portugal,Portugal,Portugal,Portuguese,No,Full-Time
69a61e4bcd140aad29ff6b33,697a679cc7a5c19b7b777538,APPROVED,Not Applicable,2026-03-02T23:33:36.827000Z,2026-03-03T00:01:03.935000Z,2026-03-08T19:02:56.847000Z,2026-03-03T00:01:04.284498Z,1648.0,C10NEGL9,73,Graduate degree (MA/MSc/MPhil/other),13 hours or more,Man (including Trans Male/Trans Man),Latino/Hispanic,32,Male,White,Brazil,Brazil,Brazil,Portuguese,No,Unemployed (and job seeking)
69a61e4beda8f3cfb7622eb6,6661e3435d2645ebabbb4c09,APPROVED,Not Applicable,2026-03-02T23:35:06.648000Z,2026-03-03T00:12:37.462000Z,2026-03-08T19:02:57.126000Z,2026-03-03T00:12:37.818798Z,2251.0,C10NEGL9,900,High school diploma/A-levels,13 hours or more,Man (including Trans Male/Trans Man),Latino/Hispanic,22,Male,Other,Mexico,Mexico,Mexico,Spanish,No,Full-Time
69a61e4c5402099f9a5cb625,670ff2e18c2f93beac6a6a72,RETURNED,Not Applicable,2026-03-02T23:33:39.554000Z,2026-03-03T00:06:05.005000Z,,2026-03-05T22:36:51.628646Z,,C10NEGL9,2723,CONSENT_REVOKED,CONSENT_REVOKED,CONSENT_REVOKED,CONSENT_REVOKED,CONSENT_REVOKED,CONSENT_REVOKED,CONSENT_REVOKED,CONSENT_REVOKED,CONSENT_REVOKED,CONSENT_REVOKED,CONSENT_REVOKED,CONSENT_REVOKED,CONSENT_REVOKED
69a61e4e272d2fb89cb8d48d,6989c0c01b2e93d5d8f2e20a,APPROVED,Not Applicable,2026-03-02T23:33:34.124000Z,2026-03-03T00:08:31.511000Z,2026-03-08T19:02:57.402000Z,2026-03-03T00:08:31.851787Z,2098.0,C10NEGL9,36,High school diploma/A-levels,13 hours or more,Man (including Trans Male/Trans Man),African,22,Male,White,Egypt,Egypt,Egypt,Arabic,Yes,Unemployed (and job seeking)
69a61e4fe08a2d779c43b563,5e8a5a892f6f027054a83d88,RETURNED,Not Applicable,2026-03-02T23:40:23.227000Z,,,2026-03-05T22:36:51.642428Z,,,3435,CONSENT_REVOKED,CONSENT_REVOKED,CONSENT_REVOKED,CONSENT_REVOKED,CONSENT_REVOKED,CONSENT_REVOKED,CONSENT_REVOKED,CONSENT_REVOKED,CONSENT_REVOKED,CONSENT_REVOKED,CONSENT_REVOKED,CONSENT_REVOKED,CONSENT_REVOKED
69a61ec998fcc3e96bef495c,698df101576c5053da213573,APPROVED,Not Applicable,2026-03-02T23:35:37.179000Z,2026-03-03T00:07:34.374000Z,2026-03-08T19:02:57.675000Z,2026-03-03T00:07:34.750052Z,1918.0,C10NEGL9,39,High school diploma/A-levels,10-12 hours,Man (including Trans Male/Trans Man),White,26,Male,White,Poland,Poland,Poland,Polish,No,Full-Time
69a6262dcebe65cba1248773,69a0def102e19d779362ed8e,RETURNED,Not Applicable,2026-03-03T00:07:13.257000Z,,,2026-03-05T22:36:51.897848Z,,,50,CONSENT_REVOKED,CONSENT_REVOKED,CONSENT_REVOKED,CONSENT_REVOKED,CONSENT_REVOKED,CONSENT_REVOKED,CONSENT_REVOKED,CONSENT_REVOKED,CONSENT_REVOKED,CONSENT_REVOKED,CONSENT_REVOKED,CONSENT_REVOKED,CONSENT_REVOKED
69a627a0b451d8d0e69d8c42,6980c16f9985e39f6bcbbe3a,APPROVED,Not Applicable,2026-03-03T00:17:43.244000Z,2026-03-03T00:48:21.069000Z,2026-03-08T19:02:57.976000Z,2026-03-03T00:48:21.567776Z,1838.0,C10NEGL9,32,High school diploma/A-levels,6-9 hours,Man (including Trans Male/Trans Man),Middle Eastern,22,Male,Other,Egypt,Egypt,Egypt,Arabic,Yes,Unemployed (and job seeking)
69a63959a4e43a947333f971,67be6a20a52466ed9267d895,APPROVED,Not Applicable,2026-03-03T01:38:08.783000Z,2026-03-03T02:07:31.889000Z,2026-03-08T19:02:58.242000Z,2026-03-03T02:07:32.290360Z,1764.0,C10NEGL9,1189,Graduate degree (MA/MSc/MPhil/other),10-12 hours,Woman (including Trans Female/Trans Woman),White,30,Female,White,Canada,Canada,Canada,English,No,Full-Time
69a6396286b337935f858a6b,5e9f897c20320b000b1cc4cb,REJECTED,Not Applicable,2026-03-03T01:29:09.332000Z,2026-03-03T01:29:18.471000Z,2026-03-03T01:29:20.404000Z,2026-03-05T22:36:51.993720Z,10.0,C10NEGL9,1610,CONSENT_REVOKED,CONSENT_REVOKED,CONSENT_REVOKED,CONSENT_REVOKED,CONSENT_REVOKED,CONSENT_REVOKED,CONSENT_REVOKED,CONSENT_REVOKED,CONSENT_REVOKED,CONSENT_REVOKED,CONSENT_REVOKED,CONSENT_REVOKED,CONSENT_REVOKED
69a63964dd3234de012cb132,6980e17493b12340313c7f35,REJECTED,Not Applicable,2026-03-03T01:29:26.151000Z,2026-03-03T01:29:45.019000Z,2026-03-03T01:29:46.714000Z,2026-03-05T22:36:51.644106Z,19.0,C10NEGL9,45,CONSENT_REVOKED,CONSENT_REVOKED,CONSENT_REVOKED,CONSENT_REVOKED,CONSENT_REVOKED,CONSENT_REVOKED,CONSENT_REVOKED,CONSENT_REVOKED,CONSENT_REVOKED,CONSENT_REVOKED,CONSENT_REVOKED,CONSENT_REVOKED,CONSENT_REVOKED
69a63968bf6330466f916bda,697c359d7d21ed2a3c57a7e3,REJECTED,Not Applicable,2026-03-03T01:29:12.205000Z,2026-03-03T01:29:49.009000Z,2026-03-03T01:29:51.282000Z,2026-03-05T22:36:51.628364Z,37.0,C10NEGL9,14,CONSENT_REVOKED,CONSENT_REVOKED,CONSENT_REVOKED,CONSENT_REVOKED,CONSENT_REVOKED,CONSENT_REVOKED,CONSENT_REVOKED,CONSENT_REVOKED,CONSENT_REVOKED,CONSENT_REVOKED,CONSENT_REVOKED,CONSENT_REVOKED,CONSENT_REVOKED
69a63968cb5c0c73f02a7b21,69729ed02ebe85510443e1f3,RETURNED,Not Applicable,2026-03-03T01:29:23.947000Z,2026-03-03T01:29:32.203000Z,2026-03-03T01:29:34.390000Z,2026-03-05T22:36:51.613859Z,,C10NEGL9,69,CONSENT_REVOKED,CONSENT_REVOKED,CONSENT_REVOKED,CONSENT_REVOKED,CONSENT_REVOKED,CONSENT_REVOKED,CONSENT_REVOKED,CONSENT_REVOKED,CONSENT_REVOKED,CONSENT_REVOKED,CONSENT_REVOKED,CONSENT_REVOKED,CONSENT_REVOKED
69a63971a98551d02e0749da,5acb69b70527ba0001c25872,RETURNED,Not Applicable,2026-03-03T01:33:15.151000Z,,,2026-03-05T22:36:52.398567Z,,,3008,CONSENT_REVOKED,CONSENT_REVOKED,CONSENT_REVOKED,CONSENT_REVOKED,CONSENT_REVOKED,CONSENT_REVOKED,CONSENT_REVOKED,CONSENT_REVOKED,CONSENT_REVOKED,CONSENT_REVOKED,CONSENT_REVOKED,CONSENT_REVOKED,CONSENT_REVOKED
69a63980e309f0c839e53fed,69122ae91c253ee922676b71,RETURNED,Not Applicable,2026-03-03T01:29:41.665000Z,2026-03-03T01:29:55.504000Z,2026-03-03T01:29:57.517000Z,2026-03-05T22:36:52.022362Z,,C10NEGL9,127,CONSENT_REVOKED,CONSENT_REVOKED,CONSENT_REVOKED,CONSENT_REVOKED,CONSENT_REVOKED,CONSENT_REVOKED,CONSENT_REVOKED,CONSENT_REVOKED,CONSENT_REVOKED,CONSENT_REVOKED,CONSENT_REVOKED,CONSENT_REVOKED,CONSENT_REVOKED
69a6398b5ca6b1b33a9d8c98,697d7f496ce26efb9fc8ec70,REJECTED,Not Applicable,2026-03-03T01:29:56.815000Z,2026-03-03T01:30:07.986000Z,2026-03-03T01:30:09.588000Z,2026-03-05T22:36:51.890646Z,12.0,C10NEGL9,30,CONSENT_REVOKED,CONSENT_REVOKED,CONSENT_REVOKED,CONSENT_REVOKED,CONSENT_REVOKED,CONSENT_REVOKED,CONSENT_REVOKED,CONSENT_REVOKED,CONSENT_REVOKED,CONSENT_REVOKED,CONSENT_REVOKED,CONSENT_REVOKED,CONSENT_REVOKED
69a6398f2d525f4424df7365,697d2057698dc9f0b71f0a43,APPROVED,Not Applicable,2026-03-03T01:29:51.624000Z,2026-03-03T02:26:02.513000Z,2026-03-08T19:02:58.503000Z,2026-03-03T02:26:02.861821Z,3371.0,C10NEGL9,34,High school diploma/A-levels,13 hours or more,Man (including Trans Male/Trans Man),White,34,Male,White,Brazil,Brazil,Brazil,Portuguese,No,"Not in paid work (e.g. homemaker', 'retired or disabled)"
69a63996a11986c97d9f77db,6989da604f75e4c44ffefa17,APPROVED,Not Applicable,2026-03-03T01:37:57.251000Z,2026-03-03T02:49:20.343000Z,2026-03-08T19:02:58.754000Z,2026-03-03T02:49:20.687564Z,4284.0,C10NEGL9,24,Undergraduate degree (BA/BSc/other),10-12 hours,Man (including Trans Male/Trans Man),White,22,Male,DATA_EXPIRED,Egypt,Egypt,Egypt,Arabic,Yes,Part-Time
69a639c7cf4cd099782d8b9b,66613916abcfcbe01b57b32a,APPROVED,Not Applicable,2026-03-03T01:30:55.707000Z,2026-03-03T02:49:39.427000Z,2026-03-08T19:02:59.024000Z,2026-03-03T02:49:39.807740Z,4724.0,C10NEGL9,1129,High school diploma/A-levels,13 hours or more,Man (including Trans Male/Trans Man),White,33,Male,White,United States,United States,United States,English,No,Other
69a65d1cf9bc5ee0869e9599,665878b25f9877015c6545d3,RETURNED,Not Applicable,2026-03-03T04:01:37.090000Z,,,2026-03-05T22:36:51.872858Z,,,406,CONSENT_REVOKED,CONSENT_REVOKED,CONSENT_REVOKED,CONSENT_REVOKED,CONSENT_REVOKED,CONSENT_REVOKED,CONSENT_REVOKED,CONSENT_REVOKED,CONSENT_REVOKED,CONSENT_REVOKED,CONSENT_REVOKED,CONSENT_REVOKED,CONSENT_REVOKED
69a65d1d300de6f75f1e49ac,6577257c0f74c02eed5453c8,APPROVED,Not Applicable,2026-03-03T04:05:38.395000Z,2026-03-03T04:37:34.989000Z,2026-03-08T19:02:59.285000Z,2026-03-03T04:37:35.337340Z,1917.0,C10NEGL9,260,Undergraduate degree (BA/BSc/other),10-12 hours,Man (including Trans Male/Trans Man),Latino/Hispanic,24,Male,Mixed,Mexico,Mexico,Mexico,Spanish,No,Other
69a65d1ecbcb2bd8152bfc32,696aa41c3b8c0f122470a488,APPROVED,Not Applicable,2026-03-03T04:01:39.087000Z,2026-03-03T04:37:25.924000Z,2026-03-08T19:02:59.580000Z,2026-03-03T04:37:26.450994Z,2147.0,C10NEGL9,184,High school diploma/A-levels,13 hours or more,Man (including Trans Male/Trans Man),White,19,Male,White,France,France,France,French,No,Unemployed (and job seeking)
69a65d3e2a4c7f9cef2d8b61,640465b16f641b9089692c5c,RETURNED,Not Applicable,2026-03-03T04:02:11.771000Z,,,2026-03-05T22:36:52.009736Z,,,1542,CONSENT_REVOKED,CONSENT_REVOKED,CONSENT_REVOKED,CONSENT_REVOKED,CONSENT_REVOKED,CONSENT_REVOKED,CONSENT_REVOKED,CONSENT_REVOKED,CONSENT_REVOKED,CONSENT_REVOKED,CONSENT_REVOKED,CONSENT_REVOKED,CONSENT_REVOKED
69a6696847a0f10aac61f10f,5ede88a1c008530fb60aa557,APPROVED,Not Applicable,2026-03-03T04:54:04.752000Z,2026-03-03T05:13:56.985000Z,2026-03-08T19:02:59.826000Z,2026-03-03T05:13:57.318570Z,1193.0,C10NEGL9,635,High school diploma/A-levels,13 hours or more,Man (including Trans Male/Trans Man),White,24,Male,White,United Kingdom,United Kingdom,United Kingdom,English,Yes,Unemployed (and job seeking)
69a6699bb895e108a641383c,697a65fa2b4f2c04ad2f3bc2,APPROVED,Not Applicable,2026-03-03T04:55:13.209000Z,2026-03-03T05:38:45.032000Z,2026-03-08T19:03:00.093000Z,2026-03-03T05:38:46.414337Z,2612.0,C10NEGL9,96,High school diploma/A-levels,6-9 hours,Man (including Trans Male/Trans Man),Latino/Hispanic,22,Male,Mixed,Chile,Chile,Chile,Spanish,Yes,Unemployed (and job seeking)
69a677d9bb1e24432ff99ff6,69289ee670aad30bf97ccddf,APPROVED,Not Applicable,2026-03-03T05:55:48.333000Z,2026-03-03T06:47:24.921000Z,2026-03-08T19:03:01.751000Z,2026-03-03T06:47:25.475707Z,3097.0,C10NEGL9,383,Undergraduate degree (BA/BSc/other),6-9 hours,Man (including Trans Male/Trans Man),South Asian,26,Male,Asian,Pakistan,Italy,Pakistan,Urdu,Yes,Full-Time
69a6f97342bff1f57793be18,661db80bbbbc4861da7f75dd,APPROVED,Not Applicable,2026-03-03T15:14:09.084000Z,2026-03-03T15:48:17.861000Z,2026-03-08T19:03:02.407000Z,2026-03-03T15:48:18.407957Z,2049.0,C10NEGL9,752,Undergraduate degree (BA/BSc/other),6-9 hours,Man (including Trans Male/Trans Man),White,35,Male,White,United Kingdom,United Kingdom,United Kingdom,English,Yes,Full-Time
69a7159245c010b79a8ad848,677948fa843635fdb42a4351,APPROVED,Not Applicable,2026-03-03T17:08:46.233000Z,2026-03-03T18:00:37.847000Z,2026-03-08T19:03:03.058000Z,2026-03-03T18:00:38.361812Z,3112.0,C10NEGL9,1335,Undergraduate degree (BA/BSc/other),10-12 hours,Man (including Trans Male/Trans Man),African,29,Male,Black,Netherlands,United Kingdom,Netherlands,English,No,Due to start a new job within the next month
69a7262c89117c17c48a90a6,69139019e887fef6bf369ea3,APPROVED,Not Applicable,2026-03-03T18:23:40.933000Z,2026-03-03T18:41:57.477000Z,2026-03-08T19:03:04.045000Z,2026-03-03T18:41:57.831985Z,1097.0,C10NEGL9,281,Undergraduate degree (BA/BSc/other),13 hours or more,Man (including Trans Male/Trans Man),White,37,Male,White,Canada,Canada,Canada,English,No,Unemployed (and job seeking)
69a7262d5b84d381be9bfd15,5d3ce65a33b894000125909b,APPROVED,Not Applicable,2026-03-03T18:19:28.612000Z,2026-03-03T18:52:58.468000Z,2026-03-08T19:03:04.482000Z,2026-03-03T18:52:59.894767Z,2010.0,C10NEGL9,758,Undergraduate degree (BA/BSc/other),6-9 hours,Woman (including Trans Female/Trans Woman),Latino/Hispanic,29,Female,White,Mexico,Mexico,Mexico,Spanish,No,Full-Time
69ade881686065c46a87720d,5d164f9b1a4be700176367bd,APPROVED,Not Applicable,2026-03-08T21:22:12.760000Z,2026-03-08T21:48:49.488000Z,2026-03-09T00:09:06.767000Z,2026-03-08T21:48:50.070671Z,1597.0,C10NEGL9,3644,Graduate degree (MA/MSc/MPhil/other),13 hours or more,Man (including Trans Male/Trans Man),South Asian,29,Male,Asian,France,France,France,French,No,Full-Time
69ade883bea6e1c377374db4,671a6c6227da7c097cfe8caf,APPROVED,Not Applicable,2026-03-08T21:22:26.314000Z,2026-03-08T21:41:50.787000Z,2026-03-09T00:09:08.507000Z,2026-03-08T21:41:51.111190Z,1165.0,C10NEGL9,650,Undergraduate degree (BA/BSc/other),13 hours or more,Man (including Trans Male/Trans Man),White,24,Male,White,Greece,Greece,Greece,Greek,No,Part-Time
69ae0ff6f0a640cd2a67c592,6679a3b7cb020a6e4728eac5,APPROVED,Not Applicable,2026-03-09T00:10:37.888000Z,2026-03-09T00:49:14.659000Z,2026-03-09T01:57:11.516000Z,2026-03-09T00:49:15.026168Z,2317.0,C10NEGL9,1579,Graduate degree (MA/MSc/MPhil/other),13 hours or more,Man (including Trans Male/Trans Man),White,30,Male,White,Spain,Spain,Spain,Spanish,Yes,Full-Time
69ae2a1542474e4c5cc6ec96,693cb7531c138f131ae16026,APPROVED,Not Applicable,2026-03-09T02:03:19.986000Z,2026-03-09T03:14:44.059000Z,2026-03-09T15:51:42.529000Z,2026-03-09T03:14:44.535859Z,4285.0,C10NEGL9,192,Graduate degree (MA/MSc/MPhil/other),10-12 hours,Man (including Trans Male/Trans Man),White,42,Male,White,France,France,France,French,No,Full-Time
69a1f733c4e73358551a5cf6,6988bb03530f311e6e026b46,RETURNED,Not Applicable,2026-02-27T20:01:08.235000Z,2026-02-27T20:56:28.832000Z,,2026-03-05T22:36:51.867000Z,,C10NEGL9,110,CONSENT_REVOKED,CONSENT_REVOKED,CONSENT_REVOKED,CONSENT_REVOKED,CONSENT_REVOKED,CONSENT_REVOKED,CONSENT_REVOKED,CONSENT_REVOKED,CONSENT_REVOKED,CONSENT_REVOKED,CONSENT_REVOKED,CONSENT_REVOKED,CONSENT_REVOKED
69add36c01bb08ee1e0b4da7,6982643a1183f2e316caaf34,TIMED-OUT,Not Applicable,2026-03-08T19:52:15.582000Z,,,,603399.0,,101,Technical/community college,6-9 hours,Man (including Trans Male/Trans Man),White,23,Male,White,Poland,Poland,Poland,Polish,Yes,Full-Time
69add36c2ab020255dd4ed65,6980a33e4bb04f444bade60f,RETURNED,Not Applicable,2026-03-08T19:52:12.426000Z,,,,,,115,CONSENT_REVOKED,CONSENT_REVOKED,CONSENT_REVOKED,CONSENT_REVOKED,CONSENT_REVOKED,CONSENT_REVOKED,CONSENT_REVOKED,CONSENT_REVOKED,CONSENT_REVOKED,CONSENT_REVOKED,CONSENT_REVOKED,CONSENT_REVOKED,CONSENT_REVOKED
69ae0ff8fd253b381d4a9105,615e67a92bcd04cb496d647a,RETURNED,Not Applicable,2026-03-09T00:14:39.938000Z,,,,,,537,CONSENT_REVOKED,CONSENT_REVOKED,CONSENT_REVOKED,CONSENT_REVOKED,CONSENT_REVOKED,CONSENT_REVOKED,CONSENT_REVOKED,CONSENT_REVOKED,CONSENT_REVOKED,CONSENT_REVOKED,CONSENT_REVOKED,CONSENT_REVOKED,CONSENT_REVOKED
69ae2997631ace3233c6d98a,698e4ddd529df9d22ec38bbe,RETURNED,Not Applicable,2026-03-09T01:59:56.264000Z,,,,,,532,CONSENT_REVOKED,CONSENT_REVOKED,CONSENT_REVOKED,CONSENT_REVOKED,CONSENT_REVOKED,CONSENT_REVOKED,CONSENT_REVOKED,CONSENT_REVOKED,CONSENT_REVOKED,CONSENT_REVOKED,CONSENT_REVOKED,CONSENT_REVOKED,CONSENT_REVOKED
