row,prolific_subject_id,answer,valence,judged_game_merit,lowered_expectations_standards,respect_impressed_AI_capability,AI_as_legitimate_tool,devaluation_due_to_AI_origin,quality_deficits_linked_to_AI,human_oversight_needed,wasnt_aware_of_ai_generation,analyst_extra_note,analyst_defense
37,6980e32bc22bae8cb57154ed,"Yes, because if the prompt you give to an AI agent to generate anything, isnt detailed enough, they might add some unnecessary things on their own, or even miss some necessary things that you want to add, i dont mind using AI to create things as long as you can write a good prompt and create a good result",mixed,0,0,0,1,0,0,2,,,
25,6977c0dd24d3fdad12e17e23,"No, because generated by AI doesn't mean it was completely done by a robot, I can't know how much the developer used the AI to create them, and I don't care in the view that what i care about in a game is how much i enjoy playing it. Honestly, when I was evaluating the games I felt in my mind like i was judging some developers, so a person (i felt also bad to leave bad comments but it was bad playing them so...we are even lol). And even if the game was 100% done by an AI, a human should try and test the game before the release, not only regarding the bugs, but to check if it's possible to win, how challenging it is, and if it's enjoyable at all. I feel like the devs didn't test the games before sharing",no_effect,1,0,0,0,0,0,2,,person is assuming there was human involvement and they judged that side of it (like not overseeing bugs and difficulty),
32,68c03814183fb278ae8ac1c9,The first and third game was very entertaining but the second game seemed to be under developed because it lacked sound effects and the visual effects in it was not good overall. The Ai should keep in mind the small details of the game like giving the player enough time to read and understand the rules as in the first game. The Ai MUST put sound effects in the games as the make the game feel a lot entertaining. The Ai also should make the idea of the game more realistic as the game story feels exaggerated.,unclear,0,0,0,0,0,0,2,,,
6,670ff2e18c2f93beac6a6a72,"Yes, it makes me not want to play these games anymore. The last one was creative but knowing it was from AI makes me not like it anymore. ",negatively_affected,0,0,0,0,2,0,0,2,,
17,6111d08247ef6871bf11ec6b,"Yes, obviously. I dislike it if someone relies too much on AI, and if i felt like it was almost all AI and little programming I gave it a lower rating.",negatively_affected,0,0,0,0,2,0,0,,"""obvious"" that AI would affect assessments",
29,5b68c9eb87af310001584803,yes as i believed ai generated games to be lesser as they dont have a human touch so i voted accordingly based on this ,negatively_affected,0,0,0,0,2,0,0,,"lacking ""human touch""",
36,5a947fb0f05361000171b5a3,"My assessments regarding developer intentionality were most affected, given that the games were generated by AI, because if a game was made by AI, there's no real effort on the developers' part.",negatively_affected,0,0,0,0,2,0,0,,,
8,697d5e0f7563e62c0dddf2e7,"No, if it was made by a AI or not makes no diference if the game was good or bad i would have been honest, AI can be creative and develop good games.",no_effect,1,0,0,1,0,0,0,,,
26,69781e065ba9a4f5f1743c76,"no, it didn't impacted my rates, idea and realisation more important than tools",no_effect,1,0,0,1,0,0,0,,,
4,699c8b77fb904ad725023f28,"Not at all, I feel like AI is a very powerful tool for making video games I don't have any problem with AI making games such as this",no_effect,0,0,0,1,0,0,0,,,
20,566bdeb3beaf21001240085a,"Not at all, I do vibe coding myself. One would imagine that without the code restrictions the games would be better, but alas.",no_effect,0,0,0,1,0,2,0,,,
28,6941c8bfb62e4a8cb89c8925,"Well, AI is a tool to create things. I can have fun in ai games as well i guess",no_effect,0,0,0,1,0,0,0,,,
9,697a65fa2b4f2c04ad2f3bc2,"Its was like a little of strange playing these games, especially the 1 and 2 games, because its was just like a ""empty game"" but the game 3 change my opinion of the game, because i enjoy playing the game 3, because, its was like a more history and all that, so its make the game like "" less scary"" but its was good.

For an Ai its was good especially the 3 game.
The game 2 its was kinda rare and easy, but its was bad.
the game 1 its was good and more explorable, but green.

For an Ai i like the work and i enjoy playing this little games.",mixed,0,1,1,0,0,0,0,,,difficult to interpret this response. tagged themes that were clear and did not attempt to infer the presence of other themes
30,699f6b2ff9170ee287ce9161,"
I valued it as if it were a real person, but if they were made with AI, it has an extremely high potential, especially the second game.",positively_affected,1,0,1,0,0,0,0,1,,
39,69967d911d9f679e547767a2,"No, the fact that these games were made by an AI did not impact my judgment in any way. I would have rated a game developed by a human with the exact same standards. I was as honest and objective as possible. I have a great deal of respect for their AI and what it is capable of achieving, so its involvement did not bias my review.

There were some genuinely good ideas and some bad ones. My sole requirement was to determine if the game fulfilled its primary function: to entertain and engage me. The fact that it was generated by an AI does not excuse messy interfaces or punishing, unfair level design.",no_effect,1,0,1,0,0,0,0,,,
1,5cd0909f6e2d5800163ed5de,"yes, AI is incredible but it seems is still learning many things maybe in future it will be able to build entire games",mixed,0,0,1,0,0,2,0,,,
13,6987fbc16603cc742ebec4ec,"it is impressive that these game was made by AI. and each one has it cool concept and idea, my assessment of these game will be like this first game has a cool idea and was made good. it has some flaws but it is still good.
the 2nd game has the coolest idea ever using codes and names to change builds i felt like a hacker but i wash it had more levels
3rd game has a cool idea but that cool idea was used so much i don't even know if it has it or no changing the view of the game looked great and this was the most polished one but the idea was taken and it was not enjoyable. but not that boring either,as i said the AI was impressive to make these game with these original ideas",positively_affected,0,0,1,0,0,0,0,,,
18,6989da604f75e4c44ffefa17,i mean fasincating knowing that ai had all of this creativity liked it that idea how he can be authentic in such games but some were very annoying the last one to be exact,unclear,0,0,1,0,0,0,0,,,
23,631610af8e747093cd90e00d,"I judged them for what they were - knowing they were AI made me not expect too much from them, so it set my expectations to where they should be.",mixed,1,2,0,0,0,0,0,,,
3,6926452ca418f7b008a000a3,"Yes they were, I went in with the expectation to not see complete games where the gameplay and visuals probably weren't going to be a finished product yet at all either. I treated them as initial concepts and ideas on which a developer would be able to expand on.",negatively_affected,0,2,0,0,0,0,0,,,
2,5d164f9b1a4be700176367bd,No i did not know they were generated by AI. Most games nowadays are copy paste of the same type of games anyway like the souls-like game or hero shooter or battle royale.,no_effect,1,0,0,0,0,0,0,1,,
5,59f8868e05d1d60001f1464d,Not at all.  I judged them for what they were. Entertaining video games.  Two werent and one was.,no_effect,1,0,0,0,0,0,0,,,
7,6501b789e3ddbc0a0b79b925,"Not at all, I assessed them based on the criteria that was given to me",no_effect,1,0,0,0,0,0,0,,,
10,67be6a20a52466ed9267d895,"No, I evaluated them independently and did not consider the fact that they were generated by AI. I evaluated the game for what it was and how original the concept was.",no_effect,1,0,0,0,0,0,0,,,
11,697fa6c649bf75696f73c7c0,"No, my assessments weren't impacted by the knowledge that they were generated by the AI. They were generated by all the sensations I felt throughout the game.",no_effect,1,0,0,0,0,0,0,,,
12,6980963784c580dd87bb1a3a,It did not significantly affect my ratings. I focused on the gameplay and design rather than whether it was AI-generated.,no_effect,1,0,0,0,0,0,0,,,
14,698ce4c33956b8cb4fc8f802,"No, the games feel uninspired in general, as they have too many bugs, include too many issues that need to be verified by testers, and overall all of the games feel uninspired, not reflecting the intentionality of the original vision for the games.",no_effect,1,0,0,0,0,0,0,,,
16,6661e3435d2645ebabbb4c09,"No, because the mechanics and themes are already known, so the fact that they were AI didn't really affect it",no_effect,1,0,0,0,0,0,0,,,
22,697bacf779007fb89caad347,My assessments were not significantly impacted by the fact that the games were generated by AI. I tried to evaluate them based on my actual experience while playing. ,no_effect,1,0,0,0,0,0,0,,,
24,6992fdf8bd688e6c9f7627b8,No they were not. I played and reviewed all the games as if they were created by real people and judged them as such.,no_effect,1,0,0,0,0,0,0,,,
31,671a6c6227da7c097cfe8caf,Not really i believe i fairly rated the games not based at all upon that ,no_effect,1,0,0,0,0,0,0,,,
33,69129a44e90ae61a87c472fd,"No, I only analyzed what I saw and how I felt while playing the games. Whether or not it was generated by AI was not taken into consideration.",no_effect,1,0,0,0,0,0,0,,,
35,698260ce3951fc5c27fc3dbc,"No, my assessments were not impacted by the knowledge that they were AI-generated. I evaluated them strictly based on standard game design principles and the actual user experience. For example, I heavily criticized the first game for its collision bugs and lack of content, treating it as an unfinished prototype. Conversely, I praised the second game because its fast-paced mechanics and overall execution were genuinely engaging. Throughout the evaluations, my focus remained entirely on the quality of the final product, the mechanics, and the perceived effort behind it, rather than the nature of its creation.",no_effect,1,0,0,0,0,0,0,,,
38,66d0944b9f8f566817ad708c,"No, i had the impression that it might be first coder projects, they lacked a lot of obstructions and creativity, like they were just the decoy not the final products",no_effect,1,0,0,0,0,0,0,,,
15,5e1b3b93f07b72359c0c4ffe,no I didnt care that they were made by ai,no_effect,0,0,0,0,0,0,0,,,
19,66613916abcfcbe01b57b32a,no it was not ,no_effect,0,0,0,0,0,0,0,,,
21,698df101576c5053da213573,Yes I was aware all the time that those games were made by AI. Two of them were poorly designed. Just one was a little fun.,unclear,0,0,0,0,0,0,0,,,
27,5ede88a1c008530fb60aa557,i mean it makes sense that they were ai generated as i do not think you could make worse games if you tried,negatively_affected,0,0,0,0,0,2,0,2,,
34,66b93f99d7c07d8558f67c5c,"No, they weren't impacted",no_effect,0,0,0,0,0,0,0,,,
40,696aa41c3b8c0f122470a488,Maybe but they looked AI generated too in their level design.,negatively_affected,0,0,0,0,0,2,0,,,