row,prolific_subject_id,answer,valence,originality,overall_idea_concept,fun_engagement_challenging,visual,mechanics_gameplay,completeness_execution,design_intent,personal_invest_effort,accessibility,ai_gen,analytic_extra_note,analyst_defense
13,698dfb569c22eca3eb8b65fa,"When it comes to authetnticity I feel like I saw this game before, nothing special. About effort this game looks like vibe coded in 5 minutes.",unauthentic/intentional,2,0,0,0,0,2,0,2,0,2,,tagged ai because of vibe coding
19,6926452ca418f7b008a000a3,"This is a bit hard to answer since it's been revealed that the games have been developed by AI. Assuming there was a significant amount of human input though I feel like the idea behind the game could be authentic, but, like I mentioned before, it felt hardly playable. So in short; good idea but not very playable.",mixed,0,1,0,0,0,2,0,0,0,2,,didn't tag positive themes because the positive themes hinge upon significant human involvement
167,5b68c9eb87af310001584803,"this game felt like it was made by ai as it is very generic, had no story or theme and had little effort put into it as there are no clear instructions or options to go back to a menu to select levels, there is also no progression system or sense of reward which makes me think this was lazily made",unauthentic/intentional,0,0,2,0,0,2,2,2,2,2,no story/theme,
52,698a1701a5b02ba695e33055,"Didn't feel authentic at all, i felt like it was ai generated not human made.. also  i'm pretty sure any human wouldn't have an intent of making such game with all respect, it was like no effort was done what so ever.",unauthentic/intentional,2,0,0,0,0,0,2,2,0,2,,
53,698a1701a5b02ba695e33055,Not authentic at all or intentional cause it  seems like ai generated game with no purpose what so ever,unauthentic/intentional,2,0,0,0,0,0,2,2,0,2,"""no purpose""",
109,6111d08247ef6871bf11ec6b,"You said yourself it was made with AI. None of it is authentic, intentional or with effort.",unauthentic/intentional,0,0,0,0,0,0,2,2,0,2,,
127,698df101576c5053da213573,It's not authentic at all because I played that kind of game before. That's AI generated game so I guess not much effort and you can see it clearly.,unauthentic/intentional,2,0,0,0,0,0,0,2,2,2,,
160,6581c0e7703c9d00a5d2e6da,I think the game was just a blatant rip off of other games and there was barely no effort put it into it. I would not be shocked if AI made this game,unauthentic/intentional,2,0,0,0,0,0,0,2,,2,,
220,5a947fb0f05361000171b5a3,"I've seen similar gameplay mechanics in various mobile and flash games growing up. If the game was created by AI then I don't see the developer having put in much ""personal"" effort.",unauthentic/intentional,2,0,0,0,0,0,0,2,0,2,,
23,69346587dfdffc1057144d32,"It was authentich but I'm not sure about the efforts, it felt like cheaply made",mixed,1,0,0,0,0,2,0,0,0,1,,
22,69346587dfdffc1057144d32,"It was authentic because I have never played something like before, I didn't feel the reflection",authentic/intentional,1,0,0,0,0,0,0,2,0,1,,reflection is referring to the intentionality/effort rating question asking if the developer's personal intentions and efforts are reflected in the game
20,6926452ca418f7b008a000a3,The game idea isn't very original and I feel like the mechanics need a lot of extra fleshing out for it to be something truly enjoyable.,unauthentic/intentional,2,0,2,0,0,2,0,0,0,0,,
24,69346587dfdffc1057144d32,"cheaply made ""papers please"" copy",unauthentic/intentional,2,0,0,0,0,2,0,0,0,0,,
30,699c8b77fb904ad725023f28,"It's an idea that several games already use, the demo was really short and simple",unauthentic/intentional,2,0,0,0,0,2,0,0,0,0,,
59,697a65fa2b4f2c04ad2f3bc2,"Honestly the idea its just like the paper and the glider game. so i the first game was better but this game was worse than the other one. this was short and easy and literally whithout a menu or instruction. its was bad and unfunny but the idea can be more explore. the paperglider game, ",unauthentic/intentional,2,0,2,0,0,2,0,0,2,0,,
71,69139019e887fef6bf369ea3,"A simplistic cube jumping game is neither authentic, intentional, nor shows any real effort. I completed a single level and that was it. It never even explained any of the other mechanics of the game like what I was supposed to cut. 0/10 rating for this one sorry guys...",unauthentic/intentional,2,0,2,0,0,2,0,2,2,0,,
74,6989cbe1ec0087fc9a540678,It was nothing too special but it could be enjoyable in the future if it has a few features added. It looks like some existing mobile games,mixed,2,0,2,0,0,2,0,0,0,0,,could be fun but isn't currently
111,6111d08247ef6871bf11ec6b,"I know platformers are easy to make, but they aren't easy to make fun. This is prime example of that. The game is very barebones and underdevelopt for a platformer and really doesn't feel like it has anything that can distinguish it from the competition.",unauthentic/intentional,2,0,0,0,0,2,0,2,0,0,,
117,661db80bbbbc4861da7f75dd,played many like this could be better if physics improved feels rushed and unchecked,unauthentic/intentional,2,0,0,0,0,2,0,0,0,0,,didn't tag mechanics because they were really talking about completeness/execution of mechanics
144,697bacf779007fb89caad347,"The game isn't authentic because it doesn't really makes sense. It is not fun, in fact, it is stressful. In my opinion it is a quite bad game. It doesn't even feel like a real game. and I don't think the developer would have intended this. ",unauthentic/intentional,0,0,2,0,0,2,2,0,0,0,,
156,69781e065ba9a4f5f1743c76,just poorly made beat'em'up,unauthentic/intentional,2,0,0,0,0,2,0,0,0,0,,
215,698260ce3951fc5c27fc3dbc,"Honestly, I can't really call the game authentic because there just isn't enough content. It genuinely feels incomplete and needs to be finished. As for the dev, I think they could make something brilliant if they put some work into improving it. Right now, it's basically a 'blank canvas' with zero content. But I'm sure that with enough effort, it could turn into something great.",unauthentic/intentional,0,0,0,0,0,2,0,0,0,0,,
229,69967d911d9f679e547767a2,"The game visibly lacks creativity, and it shows; it is completely devoid of authenticity and passion. It is a real-time village protection simulation, but its execution is extremely basic. As I mentioned previously, I feel like I have played this exact type of game hundreds of times on old Flash platforms, which explains my low rating for authenticity.

Furthermore, it is obvious that the developers put very little attention and personal effort into the player's comfort and overall user experience (QoL), which justifies my low score on intentionality as well. It feels like a low-tier game that desperately needs improvements. While it is not the absolute bottom of the barrel in the gaming industry, it requires significantly more polish, refinement, and genuine heart",unauthentic/intentional,2,0,0,0,0,2,2,2,0,0,"""lacks passion"", needs more ""genuine heart"", but didn't say anything about ai and potentially even assumed the developers were human even though this person is in ai-aware condition",
232,66465c850d9a3e177f2649fa,"It feels like they just made the game in an hour just to see if they could. It didn't really have much thought put into it, so I don't think it had any form of authenticity or effort. It was lacking in mechanics and unique enemies that interacted with the player.",unauthentic/intentional,2,0,0,0,2,2,0,2,0,0,,
17,698efa571f78c2fb8bc759fc,"I think it's just a fun side project and not meant to be a full on game, but its a cool concept.",mixed,0,1,0,0,0,2,0,0,0,0,,
25,697a679cc7a5c19b7b777538,"Its a original idea, and the intention is good, but its really rough, need more polish.",mixed,1,0,0,0,0,2,1,0,0,0,,
28,699c8b77fb904ad725023f28,"The main mechanic/idea of this game is really unique but it needs a bit more work put into it, the game is at an extremely early stage, but once it gets polished, it's going to be really fun",mixed,1,0,0,0,0,2,0,0,0,0,,
58,697a65fa2b4f2c04ad2f3bc2,"I think it was an genuide idea or at least a good idea for a little game. and honestly a little intentionality because it was a good game but its was so green, like the triangle that can not go backwards, the game was easy and short. and i think maybe can be a good game but if the ai can explore more of this idea can be so much better.",mixed,0,1,0,0,0,2,0,0,0,0,,didn't tag ai because it seems like ai use is neutral here
66,61164e823465955346dc1827,could need some working in terms of reading speedi g but the concept from the basic stand view is great,mixed,0,1,0,0,0,2,0,0,0,0,,
67,67be6a20a52466ed9267d895,"It did feel like the game was designed to be difficult. I also think the idea behind it was original and had potential. However, it was a bit too challenging so I think the developer had good intentions but did not necessarily execute fully.",mixed,1,0,0,0,0,2,1,0,0,0,,didn't tag fun because it seems mixed
80,6980963784c580dd87bb1a3a,"The game felt genuine because it had a clear concept and consistent mechanics. The idea of changing object names showed intentional design. However, The execution was simple and minimal, so the overall effort felt moderate.",mixed,0,1,0,0,1,2,1,0,0,0,,
104,69348f64be85265e846c5117,"It is most likely to be authentic, what it is way too simple and abstract.",mixed,0,0,0,0,0,2,0,0,0,0,,hard to interpret; just tagged the theme that is clearly present
116,661db80bbbbc4861da7f75dd,theres a good base to something that needs work but its a good idea if there is more too it in terms of diffuculty,mixed,0,1,0,0,0,2,0,0,0,0,,
134,693cb7531c138f131ae16026,It is not a rip off of existing ideas as it's like a twin shooter but using rythm instead of using bullets . Intentionality is high and personal effort too as the music was enjoyable and the gameplay too. However it was a bit buggy,mixed,1,0,0,0,0,2,1,1,0,0,,
138,5c4684826a7dbc00017c0a87,"From what little I played, the core mechanic did have some authenticity to it, it felt like an interesting take. So the intentionality is there too, but in terms of effort it was too short ",mixed,0,1,0,0,0,2,1,0,0,0,,
142,697bacf779007fb89caad347,"The game felt authentic to me because I had never heard of a similar one before, and considering all the years I've spent playing different types of games, I think that's an important point to consider. However, I don't think the developer put that much effort into making the game, it feels somewhat empty. Although it does manage to vbe a little bit entertaining, I'm not sure how long I would play it. The game was't reflected in the game's design, starting with the menu, it was just simple text.  ",mixed,1,0,0,2,0,2,0,2,0,0,,didn't tag fun theme because it seems mixed 
151,6977c0dd24d3fdad12e17e23,"I feel there is authenticity, I don't feel like they stole ideas from other games, but they were ispired. the issue for me is that the time to think about the game itself was not enough; it seems a game made in a rush. the concept is a good start but it's too simple play a game like this... my biggest challenge was to understand what to do, not playing the game itself",mixed,1,0,0,0,0,2,0,0,2,0,,
209,66b93f99d7c07d8558f67c5c,"It was a relatively simple game, and the fact it wasn't properly recognising when I pushed space was an issue and shows that maybe it wasnt tested properly. In saying that, it was a good challenge and felt relatively authentic",mixed,0,0,1,0,2,2,0,0,0,0,,
231,69967d911d9f679e547767a2,"This game visibly demonstrates a bit more effort in its creativity and gameplay loop by attempting to vary the stages and objectives, which is a definite strength compared to the first two titles.

However, the extreme sluggishness, the poor visual clarity, and the unfairness of the second stage make the overall experience quite dreadful and highly unstimulating. This is exactly why I gave average ratings across the board. The game is slightly more original than the previous two, and one can sense a bit more personal effort put into the core mechanics, but ultimately, the execution remains extremely mediocre.",mixed,1,0,2,0,0,2,0,1,0,0,,mechanics were more about execution than the actual mechanic itself
234,66465c850d9a3e177f2649fa,"I think the developer tried to do something authentic and unique, but along the way they just decided to give up and make a game with an unfinished mechanic such as the movement. The movement was lacking in detail as it was hard to be accurate with it. The objects in the game, like what I believe were saw blades didn't harm the paper plane or anything else. I also fell down one of the gaps and I didn't get punished or game over from it. Overall the game feels like it had ideas at the start and the developer gave up half way through and just released it as is.",unauthentic/intentional,0,0,0,0,0,2,2,2,0,0,,
1,6983969b6ac55b26361bb853,"I'm frustrated; I can't even move anything without trying, and I don't see any effort being made.",unauthentic/intentional,0,0,2,0,0,2,0,2,0,0,,
21,6926452ca418f7b008a000a3,"Whilst there is a lot left to update in the game, I feel, I believe there was a solid idea behind this game which made it so that, in my opinion, this specific game felt the most like a complete 'game'. The execution and idea feels the most like a proper vision here.",authentic/intentional,0,1,0,0,0,2,1,0,0,0,,proper vision -> design intent
29,699c8b77fb904ad725023f28,"The core mechanics are great, they are very authentic, but it needs a bit more effort ",mixed,0,0,0,0,1,2,0,2,0,0,,
43,697d5e0f7563e62c0dddf2e7,Its possible to see that the developer had an idea for the game but just did not finiosh it or put effort on the asthetics,mixed,0,0,0,2,0,2,1,0,0,0,,
44,697d5e0f7563e62c0dddf2e7,Because the game did not work as intended and tha game was so basic it seems there was no effort.,unauthentic/intentional,0,0,2,0,0,2,0,2,0,0,,
46,6679a3b7cb020a6e4728eac5,"I think this game was a early prototype plataform game, it need more effort, and its taking shape. The actual game just include a brief tutorial, easy controls for movement and a objetive, i think if the objective of this project is learn about how make games it a pretty good beginning. The intention of this game is knowing that the player can learn how complete an objetive with just a few buttons and a exit box.",mixed,0,0,0,0,0,2,1,0,2,0,,
61,697944af338eef9df5fe1845,"I just think there isnt much too it, the idea is very basic it needs like a goal",unauthentic/intentional,0,2,0,0,0,2,2,0,0,0,"""needs like a goal"" lack of purpose",
68,67be6a20a52466ed9267d895,I felt like the developer intended for this game to run more smoothly and to made more sense than it did. I feel like they wanted the instructions to be more clear but they were not. It feels low effort and I also feel like they did not intend to make the game so confusing/hard.,unauthentic/intentional,0,0,0,0,0,2,0,2,2,0,,
70,69139019e887fef6bf369ea3,"It felt like a flash game that a kid in high school made from what brief parts I saw. Sorry but that is not a very impressive technical achievement. It was very simplistic, the controls didn't work, the game was unplayable due to the controls, so I can't give it much positive feedback sorry.",unauthentic/intentional,0,0,0,0,0,2,0,2,0,0,,
82,6577257c0f74c02eed5453c8,"It feels like a game from a JAM. Simple, with an appealing generic aesthetic and it can be done on one day with the knowledge and disposition. I did not see an intention, but maybe a short game to enjoy on free time can be an answer.",unauthentic/intentional,0,0,0,1,0,2,2,0,0,0,,
83,6577257c0f74c02eed5453c8,"This game reflects the visual taste of the author, but it was a low effort mechanics and level design. It feels like a practice test.",unauthentic/intentional,0,0,0,1,0,2,0,2,0,0,,
86,6987fbc16603cc742ebec4ec,it looked like a full game but when i played it it was only one level so i thought maybe i can restart the level but when i tried to i was sent here. the game is fun with a good intention of teaching the player how to think outside the box.maybe thinking of a new idea to the game. it will be a full game with a fun concept,mixed,0,0,1,0,0,2,1,0,0,0,,
91,698ce4c33956b8cb4fc8f802,"The game feels like a quickly made game, with no depth, no skill expression, and too shallow.
The game would need quite the amount of feedback to make it playable, as it is too buggy and lacks quality of life for a game.",unauthentic/intentional,0,0,2,0,2,2,0,2,0,0,,
101,699b19eb2744be8e2c9e73ed,It feels like a project for a class. It does not feel like the person behind it is trying to develop a real game.,unauthentic/intentional,0,0,0,0,0,2,0,2,0,0,,
108,6661e3435d2645ebabbb4c09,"I really wouldn't know how to describe this game I feel like it's missing something, as it feels a bit more subdued compared to the first two",unclear,0,0,0,0,0,2,0,0,0,0,,
115,661db80bbbbc4861da7f75dd,"not much effort was placed into this it was just a directed the flock here then to an end point, boring basic couldnt understand why my flock got smaller even after not hitting anything then lost control of everything when i had reached the end and would not register a completion ",unauthentic/intentional,0,0,2,0,0,2,0,2,0,0,,
128,698df101576c5053da213573,Very bad designed game. I didn't feel that authors put much effort in it.,unauthentic/intentional,0,0,0,0,0,2,0,2,0,0,,
130,66b7c04e75051c539d8b4776,The game presented technical issues.,unclear,0,0,0,0,0,2,0,0,0,0,,
146,631610af8e747093cd90e00d,"There's at least a kernel of potential in there, but it needs work to actually make it pop.",mixed,0,0,0,0,0,2,0,0,0,0,,
147,631610af8e747093cd90e00d,"While it was a bit janky, I can sort of see what the intentional was.",mixed,0,0,0,0,0,2,1,0,0,0,,
153,6977c0dd24d3fdad12e17e23,i feel like the developer didn't play their game before publishing. or that they didn't try to put themselves in the pov of the potential gamer,unauthentic/intentional,0,0,0,0,0,2,0,0,0,0,,
154,69781e065ba9a4f5f1743c76,"just everything i wrote previously, unplayable something without idea ",unauthentic/intentional,0,2,0,0,0,2,0,0,0,0,,
159,5ede88a1c008530fb60aa557,the game had potential but lacked effort,mixed,0,0,0,0,0,2,0,2,0,0,,
162,6581c0e7703c9d00a5d2e6da,This game had a cool theme and story behind it I do think there was some genuine effort behind it. I just think the gameplay itself needs some improvement it was more frustrating than fun at some parts,mixed,0,2,0,0,,2,1,1,0,0,,
175,699f6b2ff9170ee287ce9161,"It's a game with simple mechanics, but they could be polished. If the intention was to offer an idea, it could have a future with better development.",mixed,0,0,0,0,2,2,0,0,0,0,,
183,60da6f47359a9fc411cc8313,The game had an unfinished feel like it was missing a majority of it,unauthentic/intentional,0,0,0,0,0,2,0,0,0,0,,
185,697cee693cacc7fc3ccaedb3,"This game had much more effort put on it, the design was very cool but the game its to basic right now, but the concept of the game is cool and with some improvements it has some potencial.",mixed,0,1,0,,0,2,0,0,0,0,,
186,697cee693cacc7fc3ccaedb3,"The game didnt had any effort put it on, mechanics didnt work, no tutorial but the intentionality of the author was there.",mixed,0,0,0,0,0,2,1,2,2,0,,
226,66d0944b9f8f566817ad708c,"Authenticity like I said it if I had more time to read about the rules of the game i would have felt different, the intentionality also was fair, effort on the game feels like the programmer just started coding and this was their first coding project",mixed,0,0,0,0,0,2,1,2,2,0,ai not viewed as developer,
227,66d0944b9f8f566817ad708c,"authenticity is fairly contsructive, and intentionality is pretty clear but effort is low nothing pretty interesting has been displayed, like I said no obstructions",mixed,0,0,0,0,0,2,1,2,0,0,,
236,696aa41c3b8c0f122470a488,It barely worked which is why it did not feel authentic or seemed like any effort was put into it.,unauthentic/intentional,0,0,0,0,0,2,0,2,0,0,,
239,68d3f90c71dc2351e2b2d41e,"there was some effort that was put into this game , but i don't think that its ready to be played , i could only guess from the visuals that the game is about golf.  ",mixed,0,0,0,0,0,2,0,0,0,0,,
6,677948fa843635fdb42a4351,"authenticity: The setting was unique, even though it reminds me of playing mobile games I cant seem to to remember specifically what games it reminds me off.
 intentionality, and effort: The limitations of the character I was playing made me really think the game was perfectly tuned and play tested before hand.",authentic/intentional,1,0,0,0,1,1,0,0,0,0,,
47,6679a3b7cb020a6e4728eac5,"I think this game was authentic, i have played many rythm games and this concept was pretty original, the intention of the game was capturing those enemies (even if the game call them thieft o something like that for the player is like killing enemies that make sounds). The effort to create different patterns for the enemies are good, there are a main menu, with the lore and controls of the game, and then a scene with 4 different enemies.",authentic/intentional,1,1,0,1,0,1,1,1,0,0,,
60,697a65fa2b4f2c04ad2f3bc2,"Honestly for an Ai work its was good, diferent 7 levels, good idea, hard parts, the light and dark switch idea, and the idea of lose with if the dark gets you so you can actually lose, its was fine and original, also, each level had their own phrase so that make gain more on intentionality and authenticity, because its was like a poem, especially in the end, and that make a touch and feels like you are just not playing like a game with jumps and hard levels its was also about an history behing that, and that make you feel more in to the game. that why i choose 5 in all.",authentic/intentional,1,1,1,0,1,1,1,0,0,0,"purpose/""poem"" ""feel more into the game"" -- seems they felt the emotional resonance ","tagged 1 for ai_gen because it seems like the person lowered their expectations since they knew it was ai ('for an ai work it was good'), in turn leading to a more positive rating than they would've given had they not known ai made the game"
150,6992fdf8bd688e6c9f7627b8,"It felt like an authentic concept with a basic framework. The smoothness of the gameplay shows the dev put personal effort into polishing the game. Especially because of the cube having bounce physics. Everything that happened in this game felt like it was intentional, just could've used a little more explanation.",authentic/intentional,0,1,0,0,1,1,1,1,2,0,,
55,641359b5040c453203e2c088,"Authenticity. The game felt authentic because the wind mechanics and plane movement behaved in a believable and consistent way. The reactions to changes in airflow made sense and added to the realism of guiding a paper plane rather than feeling random or artificial.

Intentionality. The design choices seemed purposeful especially in how the wind influenced direction and difficulty. The obstacles and increasing challenge felt planned to test skill progression instead of being placed randomly.

Effort. It was clear that effort was put into the functionality and responsiveness of the controls. The smooth movement and interactive wind system showed attention to detail even if some areas like sensitivity balancing could be improved slightly.",authentic/intentional,0,0,1,0,1,1,1,1,0,0,,
72,69139019e887fef6bf369ea3,"It felt like this one actually had a good idea behind it and was built out into a proper game. Rather than immediately redirecting me, or crashing out, the controls all worked, and the game was playable to the end. I enjoyed this one much more for the effort put into it.",authentic/intentional,0,1,0,0,0,1,1,1,0,0,,
148,6992fdf8bd688e6c9f7627b8,"It feels like a simple, but well executed game. Though simple, the controls work well and the movement is smooth and polished. For the same reasons it feels like there was personal effort put in to make it function as well as it does. ",authentic/intentional,0,0,0,0,0,1,0,1,0,0,,
12,5d164f9b1a4be700176367bd,I think i saw this type of game 100 times already. It reflected the developer's lazy mindset.,unauthentic/intentional,2,0,0,0,0,0,0,2,0,0,,
32,6989c0c01b2e93d5d8f2e20a,"the core game idea wasnt much authentic as it was made alot in various types of games. the developers intentions of making a fun, challenging game were really on point and he did great effort in the concept but aesthatic and core concept wise, there wasnt much effort",mixed,2,0,1,2,0,0,,1,0,0,assumed human developer (ai-blind),
40,6501b789e3ddbc0a0b79b925,"The game did not feel super authentic, as it felt like a different version of Pac-Man. It was ripping off the idea. The intentionality and effort were adequate, as some effort went into the game, and there was some clear differentiation with the addition of the relic, but not enough to make it super inspiring. ",mixed,2,0,0,0,0,0,1,1,0,0,,
49,6980c16f9985e39f6bcbbe3a,As I mentioned before the game's concept has been made before so many times. Not onlt the concept but I think the exact game is found somewhere.  Nothing is new to attract new users to this game. The developer simply copied the game with little or no effort,unauthentic/intentional,2,0,0,0,0,0,0,2,0,0,,
69,67be6a20a52466ed9267d895,"The game felt unoriginal and like a copy of other simple games I have seen. Also, there was no original aspect in terms of the blocks/walls themselves so this shows me a lack of effort.",unauthentic/intentional,2,0,0,0,0,0,0,2,0,0,,
75,6989cbe1ec0087fc9a540678,"It is also a game coded in 1 hour at best, bad gameplay, bad visuals. Looked like any 2d game from 90's",unauthentic/intentional,2,0,0,2,2,0,0,2,0,0,,
87,6987fbc16603cc742ebec4ec,this game looked like it was made by a greedy company the concept is copied the game play is the same as different game. yeah it has a changed prospective but it looked the same to me,unauthentic/intentional,2,0,0,0,0,0,0,2,0,0,,
93,698ce4c33956b8cb4fc8f802,"The game feels unaunthentic, as it ripoffs many old games that are like this, but the animation at the ending, relfects a little about the intentionality of the developer.",mixed,2,0,0,0,0,0,1,0,0,0,,
99,5e1b3b93f07b72359c0c4ffe,don't see much effort and originality,unauthentic/intentional,2,0,0,0,0,0,0,2,0,0,,
103,69348f64be85265e846c5117,"do not feel really authentic, or say there is pretty much game that is similar.",unauthentic/intentional,2,0,0,0,0,0,0,0,0,0,,
112,6989da604f75e4c44ffefa17,probably a mix of flappy birds and IO games i think i played before the effort is to be honest feel  just slapping some blocks with terrible colors and think the user should know how to pass through,unauthentic/intentional,2,0,0,2,0,0,0,2,2,0,,
122,566bdeb3beaf21001240085a,"As I mentioned, I've seen this game so many times I'm sure everyone knows one or another version, so I don't think there's anything authentic. What I'm not sure, however, is how the developer imagined this, maybe it's not their fault and the AI made it super basic (in other words, there can be a game with a known mechanic that is original and good, but this is the most basic version of this kind of game).",unauthentic/intentional,2,0,0,0,0,0,0,2,0,0,,
123,566bdeb3beaf21001240085a,"This is just the same game of always, there's no way the prompter didn't know what they were doing.",unauthentic/intentional,2,0,0,0,0,0,0,0,0,0,,
125,697d2057698dc9f0b71f0a43,"I don't think the developer put in any effort, and the game wasn't authentic at all; it simply copied one of the thousands of games that have the same mechanics. It seems very much like a copy of a game that already has these ideas.",unauthentic/intentional,2,0,0,0,0,0,0,2,0,0,,
131,66b7c04e75051c539d8b4776,It's not a game that stands out or is particularly original. The designs aren't very original.,unauthentic/intentional,2,0,0,2,0,0,0,0,0,0,,
132,66b7c04e75051c539d8b4776,"Although it seems like a pretty interesting game, it doesn't feel entirely authentic to me. Even so, it has some enjoyable mechanics.",mixed,2,0,0,0,1,0,0,0,0,0,,
135,693cb7531c138f131ae16026,It is a basic platformer so it's not a rip off but it is just like other games of this genre. There was not much effort involved in the creation of this game,unauthentic/intentional,2,0,0,0,0,0,0,2,0,0,,
137,5c4684826a7dbc00017c0a87,"I think the intentionality and effort for this is moderate, because it isn't doing anything unexpected or surprising overall. I found it not too authentic as the core mechanics aren't groundbreaking",unauthentic/intentional,2,0,0,0,0,0,0,0,0,0,,
139,673e66683243bb7c85a17b5a,"I don't think the developer put any real effort in the game, because it indeed felt like a rip-off of other existing browser games, which i think the developer wouldn't put any genuine effort in.",unauthentic/intentional,2,0,0,0,0,0,0,2,0,0,,
141,673e66683243bb7c85a17b5a,"I do think there was some work put into this game, but it doesn't feel that original that i would say the developer was being genuine.",mixed,2,0,0,0,0,0,0,0,0,0,,
149,6992fdf8bd688e6c9f7627b8,"It was a mildly interesting idea, mostly because of the tether. Other than that there seemed to be little originality in the concept or level design. This also reflects to me that there was little personal effort put into this game as the level looks boring and the gameplay is quite bland.",mixed,2,0,2,2,0,0,0,2,0,0,,
161,6581c0e7703c9d00a5d2e6da,I think there are too many games like this out there already. The controls were good and had some effort put into it other than that just a generic game,mixed,2,0,0,0,1,0,0,1,0,0,,
164,6941c8bfb62e4a8cb89c8925,it was just a basic common game really,unauthentic/intentional,2,0,0,0,0,0,0,0,0,0,,
173,5d1f5c20aaa27b001954de31,it wasnt that unique of an idea but the game was enjoyable and had its own standing and effort.,mixed,2,0,1,0,0,0,0,1,0,0,,
184,697cee693cacc7fc3ccaedb3,The game is very basic so I dont think it got put to much effort on the game or even on the code. The game its similar to some other older games.,unauthentic/intentional,2,0,0,0,0,0,0,2,0,0,,
187,697b7d329eb08e3eb1ec8e2b,I rate low authenticity because the game looks and feels like other games i had played before. Maybe the developer has intentionality about that kind of game but i lacks more effort cleaning the bugs and put more animations an mechanics to appeal more people interested in this kind of games.,unauthentic/intentional,2,0,0,0,2,0,1,2,0,0,,
189,697b7d329eb08e3eb1ec8e2b,it isn´t original at all and i don´t think the developer put much effort in the creation of this game. I hope there is something behind it that i couldn´t get it but that is how i perceive it,unauthentic/intentional,2,0,0,0,0,0,0,2,0,0,,
201,697a9cc58e44ed0a6d497a73,"The game lacked authenticity, resembling other games but only intentionally avoiding documentation. It was a well-executed piece of work, but there's still room for improvement.",mixed,2,0,0,0,0,0,0,0,2,0,,
202,69289ee670aad30bf97ccddf,"On the matter of authenticity, the game does not bring any new idea as far as I was able to play it, so it was average in my honest opinion. About the intentionality and effort, it is pretty much seen that the developer did think up some ideas and tested them out.",mixed,2,0,0,0,0,0,1,1,0,0, ,slightly confusing/ hard to interpret. tagged themes that seemed most present; avoided speculation
204,69289ee670aad30bf97ccddf,"The idea has been so much used since the days of magic and might, so I don't think there is much genuineness. Also, the game doesn't have much to do in it except for spam-click, as there is no real strategy, meaning not enough effort and intention were put into it.",unauthentic/intentional,2,0,2,0,2,0,2,2,0,0,,
208,66b93f99d7c07d8558f67c5c,"Getting something from A to B is not original, and the ""cut space"" gimmick wasn't really enjoyable, and didnt really show much in the way of effort. ",unauthentic/intentional,2,0,2,0,0,0,0,2,0,0,,
211,69a07c9683353f56f4e8bc70,"i rated the authenticity 2 cuz i feel that i played a similar game before 
3 for the intentionality and effort, cuz its made out of simple mechanics and graphics ",unauthentic/intentional,2,0,0,2,0,0,0,0,0,0,,
213,69a07c9683353f56f4e8bc70,"1 in authenticity cuz ive seen a lot of games like this one
3  in intentionality, and effort, cuz i feel that the developer put some effort into this game",mixed,2,0,0,0,0,0,0,1,0,0,,
223,6980e32bc22bae8cb57154ed,"as i said in the previous questions' answers, it felt like some old retro games that i have played in my childhood on my old pc, with basic goals such as clicking or moving with keyboard to protect people or a princess, so its not authentic, and it feels like the developer didnt put much effort into making it.",unauthentic/intentional,2,0,0,0,0,0,0,2,0,0,,
230,69967d911d9f679e547767a2,"Overall, the game feels heavily recycled. In old-school stealth games, there were already countless mechanics exactly like this where the sole objective was to avoid the light and move from point A to point B.

The experience is highly unstimulating because it gives off a very basic 'Flash game' vibe. Consequently, it completely fails to reflect any genuine developer intentionality or a sincere effort to create an appealing game. Due to the overall poor quality and the extreme shallowness of the gameplay loop, it feels lifeless. Ultimately, the only concept genuinely worth keeping and expanding upon is the mechanic of dying if you stay in the darkness for too long",unauthentic/intentional,2,0,2,0,0,0,2,2,0,0,,
238,68d3f90c71dc2351e2b2d41e,"as i said before the overall concept of the game is kind of similar to other games , but the personal effort of the developer is very obvious in the details of the game .",mixed,2,0,0,0,0,0,0,1,0,0,details show effort,
243,698df8c121a05e20db810262,I feel like it was probably a lot od effort to code a game like that.There was surely an idea behind it but for me it's not really a new or creative concept.,mixed,2,0,0,0,0,0,0,1,0,0,,
2,6983969b6ac55b26361bb853,"It has some new ideas, but it's a bit boring and slow, and seems somewhat mysterious.",mixed,1,0,2,0,2,0,0,0,0,0,,
5,677948fa843635fdb42a4351,"authenticity: It plays like a lot of other stealth games, I don't think it is fair to call it a rip off though, it had quite a few unique features and the down to earth visuals really give an authentic indie feel to the game.
intentionality, and effort: the outlay of the puzzle I feel was very intentional, the developer obviously knows how to create tension in a video game and I don't think its possible to do that by accident or without a lot of effort.",authentic/intentional,1,0,0,1,0,0,1,1,0,0,"""the developer obviously knows how to create tension in a video game""","original was mixed; checked this person's ratings of authenticity and they were all 4s and 5s, so seems that the positive of originality outweighed the negative, hence tag of 1"
8,5cd0909f6e2d5800163ed5de,I havent heard of similiar game with changing objects names,authentic/intentional,1,0,0,0,0,0,0,0,0,0,,
10,5d164f9b1a4be700176367bd,I think the developer really made an effort to make an original and authentic game not just a copy of another game.,authentic/intentional,1,0,0,0,0,0,0,1,0,0,,
14,698dfb569c22eca3eb8b65fa,"I feel it's authentic because this game mechanics are for me something new. When it comes to developers effort I give 3 for game idea, but I don't really like 2D games with graphics like that, so the dev doesn't really put the effort into graphics.",mixed,1,1,0,2,0,0,0,0,0,0,,
15,698dfb569c22eca3eb8b65fa,"This game was extremely authentic because this game mechanic was something new and it was a brilliant idea. When it comes to effort, I think the dev put a lot of effort to get the idea for game mechanics. The graphics are also okay, I think that's how the game should be looking to have this atmosphere.",authentic/intentional,1,0,0,1,0,0,0,1,0,0,,
16,698efa571f78c2fb8bc759fc,It looks like the developer put his heart and time in it to make something that no one ever tried to make before,authentic/intentional,1,0,0,0,0,0,0,1,0,0,,
26,697a679cc7a5c19b7b777538,"its a cool game that do its own thing, while having good gameplay and fun challenge.",authentic/intentional,1,0,1,0,1,0,0,0,0,0,,
27,697a679cc7a5c19b7b777538,"The game idea was good, the gameplay was terrible",mixed,0,1,0,0,2,0,0,0,0,0,,
31,6989c0c01b2e93d5d8f2e20a,from the authenticity point of view the game wasnt kinda authentic as the visuals were a bit cheap and kinda looked like another game which is geometry dash regardless of the creative and new play style. i think the developer intended to make a new-playstyle game but didnt pay much effort in the aesthetics but nonetheless he did a great effort creating a new mechanic for the game and it was pretty interesting,mixed,1,0,0,2,0,0,1,1,0,0,ai not viewed as developer,
33,6989c0c01b2e93d5d8f2e20a,the developer really did a great job and effort coming up with this new concept and mechanic of the game so in my opinion the idea of the game was really authentic and the intentions of the developer of making a fun and  creative game that depends on a truly new concept was really reflected through the game,authentic/intentional,1,0,1,0,0,0,1,1,0,0,,
34,59f8868e05d1d60001f1464d,Ive never seen anything like it before,authentic/intentional,1,0,0,0,0,0,0,0,0,0,,
35,59f8868e05d1d60001f1464d,Felt genuine as not played a game similar to it before,authentic/intentional,1,0,0,0,0,0,0,0,0,0,,
39,670ff2e18c2f93beac6a6a72,It might have required little effort but it was very creative. Not sure if that was intentional but whoever made that game is creative.,mixed,0,0,0,0,0,0,0,0,0,0,,"this participant was in ai aware condition but didn't read the part where we told them the games were made by ai, so they said in the ai question free response that they would have completely changed their responses had they'd known. hence, not tagging any themes here as they'd misrepresent reality"
41,6501b789e3ddbc0a0b79b925,"The authenticity of the game was very apparent as it was a mix of strategy, timing and music all bundled up in one game. The game took different pieces of various categories and inputted it into either the visual game design or the mechanical game design. It was very intentional in its effort to create a genuine and novel game experience. 
",authentic/intentional,1,0,0,1,1,0,1,1,0,0,,
42,6501b789e3ddbc0a0b79b925,"The authenticity of the game was very clear, as it seemed like a novel concept that was crafted from the idea that the player would have to utilize their problem-solving skills in a fast-paced environment. The addition of monsters and time limits also showed the authenticity. The game also felt very intentional and very high effort, as it had a great aesthetic and a very personal feeling of hard work. ",authentic/intentional,1,1,0,1,1,0,1,1,0,0,,
48,6679a3b7cb020a6e4728eac5,"This game was creative and worked well, but it wasnt very authentic, most of the ""spy"" or stealth games have similar mechics, the original part of this one was the system to change the light position, allowing creating new ""bridges"" to complete the objetive, pretty similar with the puzzles of the very last Legend of Zeldas from Switch. The effort to develop this idea its good, maybe not the hardest prototype to develop but still interesting to play.",mixed,1,0,0,0,0,0,0,1,0,0,,didn't tag mechanics cuz the point was originality
50,6980c16f9985e39f6bcbbe3a,I haven't played this before so I think its a new idea which reflects the effort done to come up with the idea and create the game.,authentic/intentional,1,0,0,0,0,0,0,1,0,0,,
51,6980c16f9985e39f6bcbbe3a,Again I raise my hat to the idea of cutting throught the space. I haven't seen it before or even thought about it before. This means that the develope had spent alot of time thinking and managing to create such a game.,authentic/intentional,1,0,0,0,0,0,0,1,0,0,,
54,698a1701a5b02ba695e33055,"I feel like this game could have some potential with better graphic design and clear instructions of what to actually do, so it felt authentic and like some actual effort was put into the game unlike the 2 other games",authentic/intentional,0,0,0,2,0,0,0,1,2,0,,tagged accessibiliy and visual as negative because it seems the 'actual' authentic parts of the game were obstructed from the player because of the accessibility and visuals. they would've seen more authenticity if the visuals and accesibility were better
56,641359b5040c453203e2c088,"The game felt authentic because even though platforming is a common genre the light versus darkness theme gave it a genuine identity instead of feeling like a direct copy of another game. The visual style and focused concept showed that the developer had a clear idea they wanted to express.

In terms of intentionality the design choices such as the upward progression and the pressure from darkness felt purposeful rather than random. The difficulty curve and atmosphere suggested planning and thought behind the experience.

For effort the functionality and consistent theme showed solid work put into the mechanics and presentation. While the gameplay was somewhat simple it still demonstrated care in design and execution which made it feel thoughtfully developed.

",authentic/intentional,1,1,0,0,1,0,1,1,0,0,,
57,641359b5040c453203e2c088,"The game felt somewhat authentic because, although the mechanics are common, it still had a clear goal and consistent design that suggested the developer created it with purpose rather than just copying another game. In terms of intentionality, the level layouts and goal of reaching the green cube showed planning, even if the design was simple. The effort was evident in the functional controls and clean presentation, though the minimal graphics and basic mechanics suggest moderate rather than extensive development effort.",authentic/intentional,0,1,0,1,1,0,1,1,0,0,,
62,697944af338eef9df5fe1845,I think the game developer had some intresting ideas but got inspiration from previous popular games and put their own twist to it,mixed,1,0,0,0,0,0,1,0,0,0,,
63,697944af338eef9df5fe1845,"It felt genuine, I havent seen this type of concept before",authentic/intentional,1,0,0,0,0,0,0,0,0,0,,
64,61164e823465955346dc1827,excho location dark scene is totaly authentic to me,authentic/intentional,1,0,0,0,0,0,0,0,0,0,,
76,697fa6c649bf75696f73c7c0,"I think the game was authentic, I'd never seen anything like it, and the effort was well spent. In life we ​​face many obstacles and we have to overcome them.",authentic/intentional,1,0,0,0,0,0,0,1,0,0,,
78,697fa6c649bf75696f73c7c0,"The game was authentic; I'd seen some similar ones before, but none where it was possible to alter the characteristics. It reflected the developer's personal effort; we were able to overcome certain invisible barriers.",authentic/intentional,1,0,0,0,0,0,0,1,0,0,,
84,6577257c0f74c02eed5453c8,"It was clearly a creative decision to show the bird movement in the sky. The movement was clearly thought to make it simple and understandable. It was put effort on the diverse levels and obstacles and it considered the birds group behaviour. So, it had a funny and entertaining way to represent this idea. ",authentic/intentional,0,1,1,0,1,0,1,1,0,0,,
85,6987fbc16603cc742ebec4ec,the game has an idea that are different from other games.i was working in game testing and rating before and i say this game is so far one of the most original and genuine game without riping off any other games,authentic/intentional,1,0,0,0,0,0,0,1,0,0,,
88,669a65bbe45b41c3162d0d79,"Even tho other game may look similar the machinic and the aestetich felt pretty unique and mede the expierence feel prettu dtingued form other game wich might seems similar
",authentic/intentional,1,0,0,0,0,0,0,0,0,0,,
89,669a65bbe45b41c3162d0d79,It didn not felt like other games i've played or tried and the mechanic too is not widly explored in the videogame media,authentic/intentional,1,0,0,0,0,0,0,0,0,0,,
90,669a65bbe45b41c3162d0d79,Even tho the game shares teh base idea with other few games the twist on the mechanic make the game feel unique and like a great and fresh idea,authentic/intentional,1,0,0,0,0,0,0,0,0,0,,
94,5d3ce65a33b894000125909b,"I'm no expert but I haven't played a game where I needed to use both of my hands so it felt very original to me, also i loved the theme of like soulmates who can't keep that much apart ",authentic/intentional,1,1,0,0,0,0,1,0,0,0,theme/emotionally-resonant purpose contributed,
95,5d3ce65a33b894000125909b,"I give the developer points for character originality, but I didn't get the intention",mixed,1,0,0,0,0,0,2,0,0,0,,
96,5d3ce65a33b894000125909b,"I did think the author transmitted their message with the making of this game, it felt very authentic and original",authentic/intentional,1,0,0,0,0,0,1,1,0,0,ai not viewed as developer,
97,5e1b3b93f07b72359c0c4ffe,I think this is a unique game with unique mechanics I haven't played in a while,authentic/intentional,1,0,0,0,0,0,0,0,0,0,,
98,5e1b3b93f07b72359c0c4ffe,"the devs seems to have a unique and great idea, just need more tutorials and better graphics",mixed,1,0,0,2,0,0,0,0,2,0,,
102,699b19eb2744be8e2c9e73ed,"The graphics seemed like the part where the developer was most intentional. But the gameplay did not feel intentional and without any effort. The authenticity was there, as I have not seen a 2d top down defense game from an expanding wave.",mixed,1,0,0,1,2,0,2,2,0,0,,
105,69348f64be85265e846c5117,"quite authentic, but I do not think this game involve really much effort, while every ball sound and bounce differently.",mixed,0,0,0,0,0,0,0,2,0,0,,unclear what was authentic
114,6989da604f75e4c44ffefa17,great effort and seems authentic much but very hard and frustarting,mixed,0,0,2,0,0,0,0,1,0,0,,
118,66613916abcfcbe01b57b32a,It seemed to be an authentic well made game that was easy to navigate through and figure out,authentic/intentional,0,0,0,0,1,0,0,0,1,0,,
119,66613916abcfcbe01b57b32a,it was an authentic very challenging game,authentic/intentional,0,0,1,0,0,0,0,0,0,0,,
120,66613916abcfcbe01b57b32a,it was authentic and fun,authentic/intentional,0,0,1,0,0,0,0,0,0,0,,
121,566bdeb3beaf21001240085a,"Even though I thought of Elektroplankton, I haven't seen a game that combined that with gravity or with these objectives. I think that's the developer's idea, though I suppose they thought it would be more fun.",mixed,1,0,0,0,0,0,1,0,0,0,,
124,697d2057698dc9f0b71f0a43,"I believe that not much effort was put into making the game and its mechanics, but in terms of authenticity, I had never seen a game quite like it in terms of how it was put together, the way the enemies fought, and the way their attacks worked, especially the blue enemy. The others seemed quite authentic, and I believe it was easy to understand what the developer wanted to convey with the game.",mixed,1,0,0,0,0,0,1,2,0,0,,
126,697d2057698dc9f0b71f0a43,"I believe it took a lot of work to make, so the effort the developer put in was more than usual, and considering something like this for a game, it seems quite genuine. At least, I've never played anything like it before, and I found this mechanic interesting; it could be used to make a really cool and even more creative game.",authentic/intentional,1,0,0,0,1,0,0,1,0,0,,
133,693cb7531c138f131ae16026,It is not a rip off as I have never seen anything like this before? This game reflected high intentionality and personal effort as it is complicated strategically but original in its nature.,authentic/intentional,1,0,0,0,0,0,1,1,0,0,,
136,5c4684826a7dbc00017c0a87,"I found the game very authentic, it laid things bare and was fairly minimalistic, so there wasn't too many places for it to ""hide"". I think the game clearly has intentionality and effort put into it ",authentic/intentional,0,0,0,0,0,0,1,1,0,0,,
140,673e66683243bb7c85a17b5a,"I think the developer put genuine thought and work into this game, because i feel like its creative and has high potential to become an enjoyable puzzle game.",authentic/intentional,0,1,0,0,0,0,0,1,0,0,,
143,697bacf779007fb89caad347,"I think this game is truly authentic because I had never played anything similar before. I believe it's a very good game for training coordination between both hands, which also makes it exciting, since it gives you the feeling that playing it could actually benefit your brain health in some way. However, I don't think much effort was put into it. To begin with, the game didn't have a menu, you simply start playing and there aren't many explanations about why you are playing. It has no story and no real introduction. Tho objects and mechanic move well, and overall the game the game functions properly, but the design was far below my expectations. It wasn't visually appealing. ",mixed,1,0,1,2,0,0,2,2,2,0,,
155,69781e065ba9a4f5f1743c76,can be an interesting concept,unclear,0,1,0,0,0,0,0,0,0,0,,
169,68bb85dca4c5cc35b70f499b,the game was authentic and it was a good effort from developer.,authentic/intentional,0,0,0,0,0,0,0,1,0,0,,
170,68bb85dca4c5cc35b70f499b,the game feels authentic and it was a good effort from developer.,authentic/intentional,0,0,0,0,0,0,0,1,0,0,,
171,68bb85dca4c5cc35b70f499b,it was authentic and good effort from developer.,authentic/intentional,0,0,0,0,0,0,0,1,0,0,,
172,5d1f5c20aaa27b001954de31,it was looking unique of the playstyle especially the concept of drawing wherever i wanted so it was authentic and you could tell there was personal effort for it to become playable,authentic/intentional,1,0,0,0,0,0,0,1,0,0,,
174,5d1f5c20aaa27b001954de31,"it was a solid try and kinda unique approach,  i could see the producer touch in this game and his effort trying to build this ",authentic/intentional,1,0,0,0,0,0,1,1,0,0,,
176,699f6b2ff9170ee287ce9161,"The idea was clear and well executed, based on something that can be much more complicated; the intention to achieve that is evident.",authentic/intentional,0,1,0,0,0,0,1,0,0,0,,
177,699f6b2ff9170ee287ce9161,The idea is clear and intelligent with great potential if well executed.,authentic/intentional,0,1,0,0,0,0,0,0,0,0,,
178,60c13bce0d8616e48d044bd0,"As I mentioned earlier, it reminded me of another game I played a long time ago. But overall, I can't say I have seen many similar games. I think it requires a certain amount of creativity, and the mechanics are simple but with a noticeable difficulty curve. ",mixed,1,0,1,0,0,0,0,0,0,0,,
179,60c13bce0d8616e48d044bd0,"It's different and authentic, but I don't think much effort has been put into it. It's simple but complicated and not very well explained ",mixed,1,0,0,0,0,0,0,2,2,0,,
180,60c13bce0d8616e48d044bd0,"It's undoubtedly authentic in terms of its mechanics, and I believe that although not much effort has been put into its visual appearance, there is a very interesting tactical intention behind it.",mixed,0,0,0,2,1,0,1,0,0,0,,
182,60da6f47359a9fc411cc8313,The puzzle feels original and intentional.,authentic/intentional,1,0,0,0,0,0,1,0,0,0,,
188,697b7d329eb08e3eb1ec8e2b,"It´s an original idea definitely, but it´s not for everyone. maybe it has benefics for the brain development in children. To me it seems that the developer put a lot of effort to create this game because i had never seen something like that.",authentic/intentional,1,0,0,0,0,0,0,1,0,0,,
190,671a6c6227da7c097cfe8caf,"Extremely authentic but for the developers effort i dont think they put too much in it 
",mixed,0,0,0,0,0,0,0,2,0,0,,
192,671a6c6227da7c097cfe8caf,It was authentic indeed,authentic/intentional,0,0,0,0,0,0,0,0,0,0,,
195,6995128bd75ec09b6e8b6973,it was a good game. good idea for the music genre,authentic/intentional,0,1,0,0,0,0,0,0,0,0,,
196,68c03814183fb278ae8ac1c9,"the game's idea is authentic and original. Although the game is 2d but it felt like there was a big effort in the game development because of the animations, the sound effects, and the creature interactive responses",authentic/intentional,1,0,0,1,0,0,0,1,0,0,,
198,68c03814183fb278ae8ac1c9,the idea is authentic and the developer seems to have done a big effort to produce this game because of its novel idea and visual effects,authentic/intentional,1,0,0,1,0,0,0,1,0,0,,
205,69129a44e90ae61a87c472fd,"The game is authentic, although many games (especially older ones) use the same mechanics and style of play. I believe that the game was created by its creator to be exactly that way, demonstrating his intention and effort.",authentic/intentional,0,0,0,0,0,0,1,1,0,0,,"didn't tag originality because it seems like the fact that it wasn't original is what contributed to authenticity/intention. this participant one of two people who communicated this idea, so i don't think this is common enough to be worth creating a theme for."
206,69129a44e90ae61a87c472fd,"Classic game model, widely used style, but the creator managed to add his own touch to this game, making it quite authentic, even though there are many others of the same style.",authentic/intentional,0,0,0,0,0,0,0,0,0,0,,"didn't tag originality because it seems like the fact that it wasn't original is what contributed to authenticity/intention. this participant one of two people who communicated this idea, so i don't think this is common enough to be worth creating a theme for."
207,69129a44e90ae61a87c472fd,"The creator's intention seems quite clear and is reflected in the game. The game has its own way of being authentic, although it is important to note that the game style is classic and widely used.",authentic/intentional,0,0,0,0,0,0,1,0,0,0,,unclear what themes are present
212,69a07c9683353f56f4e8bc70,"4 is my rating of authenticity because I never played or seen anything similar
3 is my rating of intentionality and personal effort cuz the robe color changing and the vibration made the game more engaging ",authentic/intentional,1,0,0,0,1,0,0,0,0,0,,
214,698260ce3951fc5c27fc3dbc,"Like I said earlier, the game is cool and definitely has its own vibe. The gameplay, aesthetics, and premise are all solid, but I wouldn't call it groundbreaking.",mixed,2,1,0,1,1,0,0,0,0,0,,
216,698260ce3951fc5c27fc3dbc,"Overall, I absolutely loved the gameplay. I found it really fun, and I think these features make the game feel authentic. It definitely shows that a lot of effort went into making it play so well.",authentic/intentional,0,0,0,0,1,0,0,1,0,0,,
217,5eee22ab319d6928d2ec1030,"The game felt genuine, I felt the love that was put into making it. That also includes with the intentionality and effort of creating the game.",authentic/intentional,0,0,0,0,0,0,1,1,0,0,,
218,5eee22ab319d6928d2ec1030,"It felt authentic and genuine, because they put a little twist to the game.",authentic/intentional,1,0,0,0,0,0,0,1,0,0,,
221,5a947fb0f05361000171b5a3,"I've seen the idea executed once before in a much better way, but this idea is still unique, and I think it reflected the intentionality of the developer well.",mixed,1,0,0,0,0,0,1,0,0,0,,
222,5a947fb0f05361000171b5a3,"The game does feel like a slight knock-off of other similar games in the genre, but the flavor of it was unique and felt like it reflected the intentionality well. But the shoddy mechanics and things of that nature didn't match effort-wise.",mixed,1,0,0,0,2,0,1,2,0,0,,
224,6980e32bc22bae8cb57154ed,"the developer may have based this game on some existing ideas, but it does not seem like a rip off, i like that the developer thought of not showing the whole way, and if the developer meant including invisible obstacles then i like their personal effort, if not then when you think about it, it could be a lack of effort in developing ",mixed,0,1,0,0,0,0,1,0,0,0,,originality seems mixed
233,66465c850d9a3e177f2649fa,"The game feels authentic in being unique and trying to do something different compared to most games. The developer intentionally tried to make a game that stood out with a unique mechanic and see how people could adapt to the concept. The effort went into the mechanics of the game rather than the visual design, which I could definitely appreciate.",authentic/intentional,1,0,0,2,0,0,1,1,0,0,,
240,68d3f90c71dc2351e2b2d41e,"this one by far is the most game that i felt like more effort was put into it , and the concept of the game is very unique .",authentic/intentional,1,0,0,0,0,0,0,1,0,0,,
241,698df8c121a05e20db810262,Seems to me like someone tried to make a new spin on a well known type of the game. Seems to me like it's someone's project intentionaly made to be something new and entertaining,authentic/intentional,1,0,1,0,0,0,1,0,0,0,,
3,6983969b6ac55b26361bb853,It was unpleasant; I felt bored and wished the game would end.,unauthentic/intentional,0,0,2,0,0,0,0,0,0,0,,
4,677948fa843635fdb42a4351,"I gave a 4 for the authentic rating feel as I feel as if the game is designed for people who are musically inclined as a lot of the game just seemed overly complicated, especially with the designs of the circles.
I rated intentionality and effort as a 5. There definitely is an intention to the game as I feel as if the games design and especially sound design is purposefully quiet and lo-fi like in order to suck you into the game.  I can only imagine the developer put a lot of effort into the game, the art style was cool and futuristic.
",authentic/intentional,0,0,0,1,0,0,1,1,2,0,,
7,5cd0909f6e2d5800163ed5de,that game sucked and was not good at all,unauthentic/intentional,0,0,2,0,0,0,0,0,0,0,,
9,5cd0909f6e2d5800163ed5de,going to the light brung me idea of some insect in real life,unclear,0,1,0,0,0,0,0,0,0,0,,
11,5d164f9b1a4be700176367bd,I think the game reflected the developer's lazy mindset.,unauthentic/intentional,0,0,0,0,0,0,0,2,0,0,,
18,698efa571f78c2fb8bc759fc,"Game had black color and it looked very, empty and soulless",unauthentic/intentional,0,0,0,2,0,0,0,2,0,0,"""soulless"" - ai blind",
36,59f8868e05d1d60001f1464d,This is a poor effort.  First two games were good.,unauthentic/intentional,0,0,0,0,0,0,0,2,0,0,,
37,670ff2e18c2f93beac6a6a72,I would say it is pretty good for this setting. I mean it was used for science so that makes it a little better.,unclear,0,0,0,0,0,0,0,0,0,0,,
38,670ff2e18c2f93beac6a6a72,The controls and gameplay felt messy. Not sure what the premise was for.,unauthentic/intentional,0,0,0,0,2,0,2,0,2,0,,
45,697d5e0f7563e62c0dddf2e7,"The game reflected what the developer intended from what i could see, just was not looking very good.",mixed,0,0,0,2,0,0,1,0,0,0,,
65,61164e823465955346dc1827,soleley because i was confused,unclear,0,0,0,0,0,0,0,0,2,0,,
73,6989cbe1ec0087fc9a540678,"This looks like a game coded in 1 hour it poor visuals, mechanics and gameplay overall",unauthentic/intentional,0,0,0,2,2,0,0,2,0,0,,
77,697fa6c649bf75696f73c7c0,"The game is genuine, and it shows a personal effort to demonstrate that in life we ​​can walk a straight line and not fall into the void.",authentic/intentional,0,1,0,0,0,0,1,1,0,0,emotional resonant theme ,
79,6980963784c580dd87bb1a3a,"The game felt intentional in its design, especially in how the dependency mechanic influenced the ending.",authentic/intentional,0,0,0,0,1,0,1,0,0,0,,
81,6980963784c580dd87bb1a3a,The design showed clear thought and thematic consistency.,authentic/intentional,0,1,0,0,0,0,1,0,0,0,theme,
92,698ce4c33956b8cb4fc8f802,"The game was boring and uninspired, the game doesn't reflect the developer intentionality of saving people.",unauthentic/intentional,0,0,2,0,0,0,2,2,0,0,,
100,699b19eb2744be8e2c9e73ed,"The instructions need a lot more effort. It needs to be cleared at the start, which piece is the one the player is supposed to be moving. And the game does not feel intentional at all. I completed without thinking. It felt random when the piece advanced, and when it didn't.",unauthentic/intentional,0,0,0,0,2,0,2,0,2,0,"""felt random"" - ai blind",
106,6661e3435d2645ebabbb4c09,"It's actually a bit complicated to describe the game since the mechanics and goal were simple, however you can see the intentions and effort behind the game",authentic/intentional,0,0,2,0,0,0,1,1,0,0,,tagged fun because the said game was simple and it seems like this was a negative thing
107,6661e3435d2645ebabbb4c09,It's clear that it's a project made with care and dedication it was entertaining to play,authentic/intentional,0,0,1,0,0,0,0,1,0,0,,
110,6111d08247ef6871bf11ec6b,"I felt like I played something similar before, but I can't say exactly what and I don't feel like it was common. It also seems aimed at a very specfic crowd, which means it has some intentionallity. ",mixed,0,0,0,0,0,0,1,0,0,0,,
113,6989da604f75e4c44ffefa17,i liked the idea and the effort shown is great but it was also a bit frustrating had to do it a lot of times to understand and to read and remeber the steps needed,mixed,0,1,0,0,0,0,0,1,2,0,,
129,698df101576c5053da213573,Light mechanics was great. I felt like someone put a little effort in it.,authentic/intentional,0,0,0,0,0,0,0,1,0,0,,
145,631610af8e747093cd90e00d,There was nothing about the game that really shouted intentionality. The experience was hollow.,unauthentic/intentional,0,0,0,0,0,0,2,2,0,0,"""game experience was hollow"" - ai aware",
152,6977c0dd24d3fdad12e17e23,"I missed the 'gaming' factor, it seemed like a thing a developer does in their spare time",unauthentic/intentional,0,0,0,0,0,0,0,0,0,0,,unclear what they're saying
157,5ede88a1c008530fb60aa557,it shows no one put any effort into this game,unauthentic/intentional,0,0,0,0,0,0,0,2,0,0,,
158,5ede88a1c008530fb60aa557,That was definitely made to annoy someone,unclear,0,0,2,0,0,0,0,0,0,0,,
163,6941c8bfb62e4a8cb89c8925,"I mean it looks pretty artistic and the music and beat is here so i believe that the author is a creative-art guy, i believe he did his best",authentic/intentional,0,0,0,1,1,0,0,1,0,0,,
165,6941c8bfb62e4a8cb89c8925,"this game was alright, not my type, but alright",unclear,0,0,0,0,0,0,0,0,0,0,,
166,5b68c9eb87af310001584803,i believe this game was created with intent and a great deal of effort as the art and design of the game looked good and the rules of the game felt like they had a human touch to them as it seems familiar with games I've played before,authentic/intentional,0,0,0,1,0,0,1,1,0,0,,"didn't tag originality because it seems like the fact that it wasn't original is what contributed to authenticity/intention. this participant one of two people who communicated this idea, so i don't think this is common enough to be worth creating a theme for."
168,5b68c9eb87af310001584803,"i felt like some thought and effort was put into this as there is a puzzle to solve on each level that with enough concentration can be solved, the art design was lacking a bit and same with the instructions but the overall functionality was good and i can imagine each level having a harder puzzle which makes me think that effort was put into this.",mixed,0,0,1,2,1,0,0,1,2,0,,
181,60da6f47359a9fc411cc8313,"I feel like the game could've been much better if more time was put into it, especially in the art section",unauthentic/intentional,0,0,0,2,0,0,0,2,0,0,,
191,671a6c6227da7c097cfe8caf,Not as great as the previous game,unclear,0,0,0,0,0,0,0,0,0,0,,
193,6995128bd75ec09b6e8b6973,"it could be they purposely created the game like that. to me, felt like they didnt even try",unauthentic/intentional,0,0,0,0,0,0,0,2,0,0,,
194,6995128bd75ec09b6e8b6973,i truly enjoyed it. its definitely something i would play again,authentic/intentional,0,0,1,0,0,0,0,0,0,0,,
197,68c03814183fb278ae8ac1c9,the game felt that it had no effort exerted on it as it lacked visual effects and sound effects that make the game feels more enjoyable,unauthentic/intentional,0,0,0,2,0,0,0,2,0,0,,
199,697a9cc58e44ed0a6d497a73,"The premise is quite different, but the design and style of the components are very reminiscent of other games. It's quite fun, it just needs to be a little more consistent with the standards.",mixed,2,0,1,0,0,0,0,0,0,0,,
200,697a9cc58e44ed0a6d497a73,"The two-handed controls felt very authentic, which is great.",authentic/intentional,0,0,0,0,1,0,0,0,0,0,,
203,69289ee670aad30bf97ccddf,"The game felt very genuine, and with mindful effort put into it, te game was challenging in a way yet not limited in a way that the player would get frustrated, which shows good intentionality.",authentic/intentional,0,0,1,0,0,0,1,1,0,0,,
210,66b93f99d7c07d8558f67c5c,Yes i believe there effort and intentionality was there for this game as it was difficult and had lots of different moving parts you had to consider,authentic/intentional,0,0,1,0,0,0,1,1,0,0,,
219,5eee22ab319d6928d2ec1030,I could feel the creator put their heart into making an immersive game.,authentic/intentional,0,0,0,0,0,0,0,1,0,0,,
225,6980e32bc22bae8cb57154ed,"i think the developer didnt even try on this one, i dont like it, no instructions, no fun and no clear goal",unauthentic/intentional,0,0,2,0,0,0,2,2,2,0,"""no clear goal"" / no purpose",
228,66d0944b9f8f566817ad708c,"not much i can say but this game was fun, apprecite the effort and the intentionality was pretty clear ",authentic/intentional,0,0,1,0,0,0,1,1,0,0,,
235,696aa41c3b8c0f122470a488,I think it's a pretty bad game and it shows the developer's effort.,unauthentic/intentional,0,0,0,0,0,0,0,2,0,0,,
237,696aa41c3b8c0f122470a488,I felt like I did the same jump for most of the game.,unauthentic/intentional,0,0,2,0,2,0,0,0,0,0,,
242,698df8c121a05e20db810262,"I belive there is a story being told there, something personal and real.",authentic/intentional,0,0,0,0,0,0,1,1,0,0,person felt emotional resonance - ai blind,