row_id,prolific_subject_id,answer,valence,novelty_originality,novelty_concept,concept_theme,novelty_mechanics,mechanics_gameplay,simplicity_gameplay,aesthetic_sensory_design,depth_complexity_meaning,player_thinking_involvement_difficulty,clarity_learnability,engagement_fun,technical_execution,depth_or_use_case_potential,analyst_extra_note,analyst_flag
12,5d164f9b1a4be700176367bd,It was uncreative a classic black and white 2D game.,uncreative,2,0,0,0,0,0,2,0,0,0,0,0,0,,
20,6926452ca418f7b008a000a3,"It seems like a fairly simple puzzle game, something you would see quite often. There could however be a hidden depth to it that I couldn't see during my first impression where you can really unlock the 'potential' of this game.",mixed,0,0,0,2,0,2,0,0,0,0,0,0,1,,
24,69346587dfdffc1057144d32,"It felt like ""papers please"" copy",uncreative,2,0,0,0,0,0,0,0,0,0,0,0,0,,
40,6501b789e3ddbc0a0b79b925,"The game had very simple instructions and controls, and was on a very dark background, which did not seem too creative. It felt like it was inspired by Pac-Man, which is a very popular game, but for it to be inspired by it feels uninspiring.",uncreative,0,0,0,2,0,2,2,0,2,0,0,0,0,,
52,698a1701a5b02ba695e33055,"Well the whole objective is is so basic and was shown in alot of minigames like this before, also its kinda impossible or hard to reach the the last mailbox without you getting caught and restarting the whole level.",uncreative,2,0,0,0,0,0,0,0,0,0,0,2,0,,
70,69139019e887fef6bf369ea3,"Looks like a geometry dash clone in low budget? A pixel blob bouncing towards some basic shapes does not a game make. Also it was pretty much unplayable, so that was frustrating.",uncreative,0,0,0,2,0,0,2,0,0,0,0,2,0,,
71,69139019e887fef6bf369ea3,"What the heck? I jumped a square across a couple of games to the green square, then everything went dark and it auto directed me to this questionnaire. I barely played for 15 seconds... What was the cutting? What was the mouse used for dragging those lines? This does not seem like the intended path... But from what I saw that was another basic flash game with no originality.",uncreative,0,0,0,2,0,0,0,0,0,0,0,2,0,,
93,698ce4c33956b8cb4fc8f802,This is a ripoff of various old flash games,uncreative,2,0,0,0,0,0,0,0,0,0,0,0,0,,
99,5e1b3b93f07b72359c0c4ffe,seems a generic platform game,uncreative,2,0,0,0,0,0,0,0,0,0,0,0,0,,
109,6111d08247ef6871bf11ec6b,"Felt like a bad version of geometry dash at first, then when I realizeda I have to move the map I felt disappointed. It was also very clunky for such a simple concept of simply moving the back asset for the moving asset.",uncreative,0,0,0,2,0,2,0,0,0,0,0,2,0,,
110,6111d08247ef6871bf11ec6b,"I feel like I played something similar, but not frequently and I can't point towards what exactly. Still, I feel like there's a game there in need of some polishing.",mixed,2,0,0,0,0,0,0,0,0,0,0,2,1,,
111,6111d08247ef6871bf11ec6b,It was literally just a platformer with a square.,uncreative,0,0,0,2,0,2,0,0,0,0,0,0,0,,
115,661db80bbbbc4861da7f75dd,pretty basic game felt like something ive played before in a different skin although the idea was slightly creative ,mixed,2,0,1,0,0,2,0,0,0,0,0,0,0,,
117,661db80bbbbc4861da7f75dd,played games like this before just added element of diifculty to it,mixed,2,0,0,0,0,0,0,0,0,0,0,0,0,,
121,566bdeb3beaf21001240085a,"It felt like electroplankton and I'm sure there are other similar games about launching things and creating sound, so not super creative. It was also kind of confusing and difficult, so... to me, to be creative it needs to also be good (being different at random doesn't make it creative)",uncreative,0,0,0,2,0,0,0,0,0,2,2,0,0,"""random"" doesn't make it creative. ""needs to also be good"" - standard definition of creativity indicated here",
127,698df101576c5053da213573,"It's no creative in my opinion. I played that kind of games before and they were made a lot better, but i get it it's just AI generated game. Maybe if you add something extra to gameplay it will be better.",uncreative,2,0,0,0,0,0,0,0,0,0,0,0,1,notes that lack of originality makes sense because AI-generated,
137,5c4684826a7dbc00017c0a87,"It is a stealth game where you can adjust the things you use to stealth, so it is moderately creative but not really breaking any barriers",mixed,0,0,0,2,1,0,0,0,0,0,0,0,0,,
139,673e66683243bb7c85a17b5a,"I don't think this game is very creative, its a typical browser flash game, with no real purpose.",uncreative,2,0,0,0,0,0,0,2,0,0,0,0,0,"""purpose""",
146,631610af8e747093cd90e00d,"Plenty of rhythm games out there, but the concept is at least a bit interesting",mixed,0,0,1,2,0,0,0,0,0,0,0,0,0,,
153,6977c0dd24d3fdad12e17e23,"The game itself was not original but the idea of changing the object from light to night yes, impacting if I can stay in the dark or in the light line",mixed,2,0,0,1,0,0,0,0,0,0,0,0,0,,
156,69781e065ba9a4f5f1743c76,just poorly made beatemup,uncreative,2,0,0,0,0,0,0,0,0,0,0,2,0,,
161,6581c0e7703c9d00a5d2e6da,It is again just another very generic game but this one has a bit more effort. The goal is way too simple and there is not much to it,uncreative,2,0,0,0,0,2,0,2,2,0,0,0,0,goal is way too simple,
165,6941c8bfb62e4a8cb89c8925,ive seen games like this but its pretty niche concept i guess,mixed,2,0,1,0,0,0,0,0,0,0,0,0,0,,
183,60da6f47359a9fc411cc8313,It was a very simple platformer with no creative features,uncreative,2,0,0,0,0,2,0,0,2,0,0,0,0,,
188,697b7d329eb08e3eb1ec8e2b,This one feels more creative because you have to use both hand to play it without getting each bar closed to each other. About the uncreative side i looks like some old mario bros game i once played when i was a child.,mixed,2,0,0,0,1,0,0,0,0,0,0,0,0,,
213,69a07c9683353f56f4e8bc70,i palyed a lot of games like this one,uncreative,2,0,0,0,0,0,0,0,0,0,0,0,0,,
237,696aa41c3b8c0f122470a488,It is mostly a regular 2D platformer.,uncreative,0,0,0,2,0,0,0,0,0,0,0,0,0,,
14,698dfb569c22eca3eb8b65fa,"I've seen a game like this first time. The conception and mechanics were interesting. I like games where you need to think a little bit, when I lost I wasn't frustrated I was thinking how can I fix that to finally get those purple balls.",creative,1,0,1,0,1,0,0,0,1,0,0,0,0,,
25,697a679cc7a5c19b7b777538,"its a uncommon game type, but i found it not engaging.",mixed,1,0,0,0,0,0,0,0,0,0,2,0,0,,
34,59f8868e05d1d60001f1464d,It looked innovative but I didnt understand it,mixed,1,0,0,0,0,0,0,0,0,2,0,0,0,,
35,59f8868e05d1d60001f1464d,It was enjoyable and unusual,creative,1,0,0,0,0,0,0,0,0,0,1,0,0,,
50,6980c16f9985e39f6bcbbe3a,It's new I haven't played a thing like this before in that way. I understand that it is a survival game and there are many but a thing simple like that is new and creative to me,creative,1,0,0,0,0,1,0,0,0,0,0,0,0,"not entirely new, but something about this game made it feel new",
62,697944af338eef9df5fe1845,"I think its quite creatiive, havent seen or heard of anything similar before",creative,1,0,0,0,0,0,0,0,0,0,0,0,0,,
63,697944af338eef9df5fe1845,Its something different that I havent seen before,creative,1,0,0,0,0,0,0,0,0,0,0,0,0,,
102,699b19eb2744be8e2c9e73ed,"I haven't seen a game like this before. But I don't know the point of it. At least with the instructions as they are, I was just clicking the 5 cities all the time. No strategy.",mixed,1,0,0,0,0,0,0,0,0,2,0,0,0,,
116,661db80bbbbc4861da7f75dd,never played anything like that was different to me in the way the game worked but could work well ,creative,1,0,0,0,0,0,0,0,0,0,0,0,0,,
133,693cb7531c138f131ae16026,I enjoyed the strategy involved. This game needed a lot of trial and error to complete  and the short amount of time given to complete it was really engaging. I have never seen a game like this before.,creative,1,0,0,0,0,0,0,0,1,0,1,0,0,,
179,60c13bce0d8616e48d044bd0,I find it creative because of the use of music and the fact that I have never seen a game like it before,creative,1,0,0,0,1,0,1,0,0,0,0,0,0,,
180,60c13bce0d8616e48d044bd0,It's a different and interesting kind of puzzle. I could see potential in a large-scale game,creative,1,0,0,0,0,0,0,0,0,0,0,0,1,"""interesting""",
190,671a6c6227da7c097cfe8caf,Never seen anything like it ,creative,1,0,0,0,0,0,0,0,0,0,0,0,0,,
191,671a6c6227da7c097cfe8caf,"Very creative never seen anything like it 
",creative,1,0,0,0,0,0,0,0,0,0,0,0,0,,
195,6995128bd75ec09b6e8b6973,"very challenging and creative, never seen a game like that. ",creative,1,0,0,0,0,0,0,0,1,0,0,0,0,,
209,66b93f99d7c07d8558f67c5c,It was creative because i have never played a game like it. ,creative,1,0,0,0,0,0,0,0,0,0,0,0,0,,
210,66b93f99d7c07d8558f67c5c,It was creative because I have never played anything like it and the concept was interesting,creative,1,0,1,0,0,0,0,0,0,0,0,0,0,,
212,69a07c9683353f56f4e8bc70,I've never played anything like it ,creative,1,0,0,0,0,0,0,0,0,0,0,0,0,,
219,5eee22ab319d6928d2ec1030,I felt creative because I have never seen any type of game like that before.,creative,1,0,0,0,0,0,0,0,0,0,0,0,0,,
1,6983969b6ac55b26361bb853,"The game is so basic, I didn't even understand how to move it until the very last try.",uncreative,0,0,0,0,0,2,0,0,0,2,0,0,0,,
2,6983969b6ac55b26361bb853,"I thought the black column was the finish line, but it opens up a passage with several ideas. The writing makes for a good background game.",creative,0,0,1,0,1,0,0,0,0,0,0,0,1,,
3,6983969b6ac55b26361bb853,"I didn't understand anything, not even the purpose of the game.",uncreative,0,0,0,0,0,0,0,0,0,2,0,0,0,,
4,677948fa843635fdb42a4351,"It was very confusing and complicated, I often struggle with those kind of games, also it required the player to be intuitive as there were barely any instructions given to help you.",mixed,0,0,0,0,0,0,0,0,0,2,0,0,0,instructions,
5,677948fa843635fdb42a4351,"It is a game that primarily relies on stealth and speed, I have played games like this before. I feel as if it is a combination of pac man and metal gear solid.",uncreative,0,0,0,2,0,0,0,0,0,0,0,0,0,combination of existing games,
6,677948fa843635fdb42a4351,"I really like the design of the game, the colours were very unique and not what I would expect in a game set in space. Also the controls were fun, especially the incorporation of the space bar.",creative,0,0,0,0,1,0,1,0,0,0,0,0,0,surprising,
7,5cd0909f6e2d5800163ed5de,"it was uncreative and unplayable i could not do anything, in faact it was not a game but some sort of video playing on its own. There was just a rectangle going from left to right",uncreative,0,0,0,0,0,0,0,0,0,2,0,2,0,,"Indication of unclear gameplay that participant is not aware of: they perceived the game as not working, but they actually didn't understand how to play."
8,5cd0909f6e2d5800163ed5de,I could change objcets with just renaming those it was really creative,creative,0,0,0,0,1,0,0,0,0,0,0,0,0,,
9,5cd0909f6e2d5800163ed5de,guing the little faity to lite was pretty creative,creative,0,0,0,0,1,0,0,0,0,0,0,0,0,,
10,5d164f9b1a4be700176367bd,It was creative that you have to play in rythms with the beats of each circles.,creative,0,0,0,0,1,0,0,0,0,0,0,0,0,,
11,5d164f9b1a4be700176367bd,The game was not creative its a classic 2D vertical scrolling game.,uncreative,0,0,0,2,0,0,0,0,0,0,0,0,0,,
13,698dfb569c22eca3eb8b65fa,For me it was a game crated only to annoy people playing it.,uncreative,0,0,0,0,0,0,0,0,0,0,2,0,0,,
15,698dfb569c22eca3eb8b65fa,You can feel like some sort of a game dev. With more levels this game could be really interesting to play for like 1-2 hours.,creative,0,0,0,0,0,0,0,0,1,0,0,0,1,,
16,698efa571f78c2fb8bc759fc,"Interesting concept of playing as a Moth trying to reach the moon while maintaining stamina, although the speed of the moth is too fast in my opinion",mixed,0,0,1,0,0,0,0,0,0,0,0,2,0,"""interesting""",
17,698efa571f78c2fb8bc759fc,"Having the ability to rename objects to make them change into whatever you want, for example:from a wall to a wall that you can pass through.",creative,0,0,0,0,1,0,0,0,0,0,0,0,0,,
18,698efa571f78c2fb8bc759fc,I actually dont know what to answer to this question as the game was buggy and I dont even know what happened,unclear,0,0,0,0,0,0,0,0,0,0,0,2,0,,Almost certain this game didn't actually have bugs.
19,6926452ca418f7b008a000a3,"I think the idea behind this game was to be able to manipulate the game itself through some form of rudimentary programming, which is something you don't see that often, thus I feel is fairly creative. ",creative,0,1,0,0,0,0,0,0,1,0,0,0,0,,
21,6926452ca418f7b008a000a3,"The presentation in combination with an audio based rythm game made the game stand out more from the other two, there also seems to be some sort of hidden layer to this one which gives it something extra.",creative,0,0,0,0,1,0,1,0,0,0,0,0,0,,
22,69346587dfdffc1057144d32,It made it creative because of the music,creative,0,0,0,0,0,0,1,0,0,0,0,0,0,,
23,69346587dfdffc1057144d32,It was unacreative because of no music and felt like it was made with ai,uncreative,0,0,0,0,0,0,2,0,0,0,0,2,0,felt AI generated (participant was in AI-blind condition),
26,697a679cc7a5c19b7b777538,"Its a cool idea, keep off the black area, while going for the marked circles",creative,0,0,1,0,1,0,0,0,0,0,0,0,0,,
27,697a679cc7a5c19b7b777538,"The game idea was good, the final product was really bad",mixed,0,0,1,0,0,0,0,0,0,0,0,2,0,,
28,699c8b77fb904ad725023f28,"It was a good idea that I haven't seen before in other games, guiding a group of birds with your mouse could be a really fun game",creative,0,1,0,0,1,0,0,0,0,0,0,0,0,,
29,699c8b77fb904ad725023f28,"It is extremely creative in that you not only control the main character, but you also control the enviroment to be able to complete the level",creative,0,0,0,0,1,0,0,0,1,0,0,0,0,,
30,699c8b77fb904ad725023f28,"There are several games that requires you to ""slash"" the screen to make the level possible to complete, be it making bridges, destroying obstacles, etc",uncreative,0,0,0,2,0,0,0,0,0,0,0,0,0,,
31,6989c0c01b2e93d5d8f2e20a,"the creative things are :it has some new mechanics that i didnt experience in other games, like being able to move the whole platform that the subjects move on not like the ordinary where the player get to control the subject itself

the uncreative things: it hasnt got any good visuals so that the game be more immersive and entertaining, also the control of the platform by the mouse was kinda hard and it sometimes glitched out when the mouse gets out of the screen",mixed,0,0,0,1,0,0,2,0,0,0,2,2,0,,
32,6989c0c01b2e93d5d8f2e20a,it was such a great game and beautiful concept with an amazing implementation but i think i had played games with the same mechanics where you shouldnt be caught by the light. however the creative part that i havent faced before was the bar that filled whenever the player was out of the darkness ,mixed,0,0,1,1,0,0,0,0,0,0,0,1,0,,"primary mechanic wasn't novel, but a supplementary mechanic was"
33,6989c0c01b2e93d5d8f2e20a,that was a truly new concept and a mechanic to try where the player play as if hes the coder of the game and controlling the subjects of the game using a dropbox,creative,0,1,0,0,1,0,0,0,1,0,0,0,0,,
36,59f8868e05d1d60001f1464d,Didnt understand it. Didnt enjoy it.,uncreative,0,0,0,0,0,0,0,0,0,2,2,0,0,,
37,670ff2e18c2f93beac6a6a72,It was uncreative because it only required one movement and it had very simple controls. ,uncreative,0,0,0,0,2,2,0,0,2,0,0,0,0,,
38,670ff2e18c2f93beac6a6a72,"It was terrible, horrible controls and it just felt thrown together. ",uncreative,0,0,0,0,0,2,0,0,0,0,0,2,0,"""felt thrown together"" - no intentionality",
39,670ff2e18c2f93beac6a6a72,That was really cool. Even with bad controls the game was weird but in a very good way. ,creative,0,0,0,0,0,0,0,0,0,0,1,2,0,"creative despite bad controls; poor execution did not prevent enjoyment, therefore not preventing creativity",
41,6501b789e3ddbc0a0b79b925,The game was very creative as it was an original idea I had never seen before. It was a good mix of a strategy/timing game with a strong emphasis on music and shifting degrees of difficulty. ,creative,0,1,0,0,1,0,1,0,0,0,0,0,0,,
42,6501b789e3ddbc0a0b79b925,"The concept of the game was very creative; it had various working parts and required problem-solving skills, attention to detail, and being quick on your feet to avoid making as many errors as possible. ",creative,0,0,1,0,0,0,0,0,1,0,0,0,0,,
43,697d5e0f7563e62c0dddf2e7,Renaming the name of the objects to redesign the whole game was a very clever idea,creative,0,0,0,0,1,0,0,0,0,0,0,0,0,,
44,697d5e0f7563e62c0dddf2e7,"The game was not creative, just a basic follow the click game",uncreative,0,0,0,0,2,2,0,0,0,0,0,0,0,,
45,697d5e0f7563e62c0dddf2e7,using the time to move the shadows for new playable places is a creative idea,creative,0,0,0,0,1,0,0,0,0,0,0,0,0,,
46,6679a3b7cb020a6e4728eac5,"I think that the aesthetic its pretty interesting, beige with black colors. But the game itself was pretty poor, the movement was so slow, the information was a text misplaced behind other assets like the limits of the screen or behind the breakable wall.",mixed,0,0,0,0,0,0,1,0,0,0,0,2,0,,
47,6679a3b7cb020a6e4728eac5,"This one was pretty creative, because it shows 4 different enemies with their own patters, the music as the center of the concept shows the way to capture everyone.",creative,0,0,0,0,1,0,1,1,1,0,0,0,0,,
48,6679a3b7cb020a6e4728eac5,The main mechanic about changing the light and recovery system was pretty creative because you had to use everything to fulfill the quest.,creative,0,0,0,0,1,0,0,0,1,0,0,0,0,,
49,6980c16f9985e39f6bcbbe3a,There is nothing new. This games has been here years ago and there are many similar games that have the same concept of getting over obstacles/barriers. It doesn't add anything new,uncreative,0,2,0,0,0,0,0,0,0,0,0,0,0,,
51,6980c16f9985e39f6bcbbe3a,The idea of just cutting the space to make the jump easier so I can reach the target is just of of the box,creative,0,0,0,1,0,0,0,0,0,0,0,0,0,"""out of the box""",
53,698a1701a5b02ba695e33055,So you just move a box and  '' click and drag to cut space  '' i don't understand the concept and it seemed so basic and boring,uncreative,0,0,2,0,2,2,0,0,2,2,2,0,0,,
54,698a1701a5b02ba695e33055,It was kind of creative because you actually had to you use your brain to know how to pass the level,creative,0,0,0,0,0,0,0,0,1,0,0,0,0,,
55,641359b5040c453203e2c088,It used physics to guide the plane instead of just the player.,creative,0,0,0,0,1,0,0,0,0,0,0,0,0,,
56,641359b5040c453203e2c088,The concept of a ball of light climbing platforms to escape darkness felt creative because it used a simple idea to represent something deeper like hope versus danger. The contrast between light and darkness gave the game a clear theme and emotional tone instead of just being a basic platformer. The visual concept of rising upward to escape added symbolism and made progression feel meaningful.,creative,0,0,1,0,0,1,1,1,0,0,0,0,0,"""emotional tone""  and ""meaningful""ness inspired by aesthetic theme and meaning behind game - made game not basic",
57,641359b5040c453203e2c088,The concept of a cube jumping across platforms to reach a green cube is very simple and straightforward which makes it feel less creative compared to more unique or thematic games. Platform jumping as a mechanic is extremely common and the objective of reaching a goal object is also widely used in many games. There was not much in terms of narrative theme or visual originality that made it stand out.,uncreative,0,0,2,2,0,2,2,2,2,0,0,0,0,needs narrative theme and visuals (important to creativity for this person),
58,697a65fa2b4f2c04ad2f3bc2,"The click and drag on the triangle was a very good idea honestly, also, the line of how you draw the path is funny and i like it.",creative,0,0,0,0,1,0,0,0,0,0,1,0,0,,
59,697a65fa2b4f2c04ad2f3bc2,"Its was confusing and the idea was a little bad- the cut the line its was a little buggy and also has no sense because its literally a cut, not even an animation or anithing its was just a cut.",uncreative,0,0,2,0,2,0,0,0,0,2,0,2,0,,
60,697a65fa2b4f2c04ad2f3bc2,"Honestly its was good, i love this one, its was funny and hard, its was like hard to move and swtich between dark and day mode, and the last part when the both dark and sun ""hug"" eachother its was precious and i like the dificulty",creative,0,0,0,0,1,0,1,0,1,0,1,0,0,"""precious"" - emotional theme aspect to game",
61,697944af338eef9df5fe1845,"There really wasn't anything to it, maybe I just didn't understand what I was supposed to do, but all I did was click to make the moth move and when I tried to take it to those dots that randomly appeared, nothing happened, so there wasn't really a point or motivation to play it.",uncreative,0,0,2,0,0,0,0,2,2,0,2,0,0,"no ""motivation to play it"" - speaks to AI difficulty in setting up context, making things matter to the player, etc. / no purpose/goal",
64,61164e823465955346dc1827,game is really fun and creative with how you use echo location to triverse the dark scene,creative,0,0,0,0,1,0,0,0,0,0,1,0,0,,
65,61164e823465955346dc1827,i didn't really understand the point of the game but it was so what interesting and weird,mixed,0,0,0,0,0,0,0,0,0,2,1,0,0,,incomprehension increased interest in game -- edge case. i still marked all present themes
66,61164e823465955346dc1827,"kinda fast paced but very fun
the game is creative and cool",creative,0,0,0,0,0,0,0,0,0,0,1,0,0,,
67,67be6a20a52466ed9267d895,The second and third level felt very challenging and required a lot of trial and error and strategy. The first level felt basic and similar to other games but the second and third level and the ability to control the platforms for the cube were unique and thought provoking.,mixed,0,0,0,1,0,0,0,0,1,0,0,0,0,"""unique"" , ""thought-provoking"", novelty emerged in later levels",
68,67be6a20a52466ed9267d895,The game was very creative but so confusing. The fact that you could mix colours and draw a path connecting different components was something I have never seen before.,creative,0,0,0,1,0,0,0,0,0,2,0,0,0,,
69,67be6a20a52466ed9267d895,I have played many games like this before where the purpose is to jump over obstacles and make it to the end of the course. The walls themselves were also not aesthetically very nice looking so it lacked creativity for that too.,uncreative,0,0,0,2,0,0,2,0,0,0,0,0,0,,
72,69139019e887fef6bf369ea3,"Compared to the first two games, this one actually had a unique concept I haven't played in a game before. I felt like King Yemma from dragon ball z deciding the fate of souls passing through the afterlife or something. It was cool and despite being way too difficult and a short timer, I had fun.",creative,0,1,0,0,0,0,0,0,0,0,1,2,0,compared to previous games,
73,6989cbe1ec0087fc9a540678,Game has very unclear instructions and the mechanics don't work that well,uncreative,0,0,0,0,0,0,0,0,0,2,0,2,0,,
74,6989cbe1ec0087fc9a540678,Not really peak gameplay but is alright probably as a mobile game with some features added,mixed,0,0,0,0,0,0,0,0,0,0,2,0,1,,
75,6989cbe1ec0087fc9a540678,"Random 2d mechanic game that didn't really worked, I could just go one at the time and it passed the level",uncreative,0,0,0,0,0,2,0,0,0,0,0,2,0,"""random"" - lacking intentionality",
76,697fa6c649bf75696f73c7c0,"The game was quite creative, however rather difficult to understand initially. What made it creative was the objective of having to move to the other side on each step.",creative,0,0,0,0,1,0,0,0,0,2,0,0,0,,
77,697fa6c649bf75696f73c7c0,The game becomes creative in the sense that it forces the character to walk in a straight line without being able to see anything.,creative,0,0,0,0,1,0,0,0,0,0,0,0,0,,
78,697fa6c649bf75696f73c7c0,"The game was very creative, that's what I liked most.",creative,0,0,0,0,0,0,0,0,0,0,1,0,0,,
79,6980963784c580dd87bb1a3a,"I rated the game as creative because it uses simple mechanics (movement, stamina, light dependency) to create a deeper symbolic experience. The way the glow and dependency affect the ending adds an unexpected narrative layer. The visual feedback (screen shake, overlap effects) reinforces the theme in a subtle way.
while the game play itself is simple, the conceptual design feels thoughtful and metaphorical.",creative,0,0,1,0,0,1,1,1,0,0,0,0,0,,
80,6980963784c580dd87bb1a3a,"The core mechanic was creative, but the gameplay and level design were simple, so it felt moderately creative overall.",mixed,0,0,0,0,1,2,0,0,2,0,0,0,0,,
81,6980963784c580dd87bb1a3a,Creative idea using language as gameplay. simple but clever,creative,0,0,0,0,1,1,0,0,0,0,0,0,0,,
82,6577257c0f74c02eed5453c8,"It has the blind maze that I consider clever. But, the game is too short to expand this idea. The way to return back is the same and could be something different. Also, the enemy can increase the difficulty on a way that could make it frustrating.",mixed,0,0,0,0,1,0,0,0,2,0,2,2,0,,
83,6577257c0f74c02eed5453c8,It seems an old atari/nes car game idea transformed into moths and space. ,uncreative,0,2,0,0,0,0,0,0,0,0,0,0,0,combination of old game with new theme,
84,6577257c0f74c02eed5453c8,It has some interesting gameplay. The scattering button was not as fast as it could be and the following button was the only one that I understood quite well. The other factors were too slow to notice at the moment. But all this things were super creative and the levels were diverse enough to make a challenge.,mixed,0,0,0,0,1,0,0,0,1,0,0,2,0,,
85,6987fbc16603cc742ebec4ec,its a creative game with a good idea but there is some problems. and one of them the slow game play and the bad controls . calling and scattering the birds is a good idea. but the flaws in the game code make the game not that great,mixed,0,0,1,0,1,0,0,0,0,0,0,2,0,,
86,6987fbc16603cc742ebec4ec,the game is actually more fun than the first game. the unique game play makes you think. yeah we can make this game much bigger.it remind me of super liminal,mixed,0,0,0,1,0,0,0,0,0,0,1,0,1,,
87,6987fbc16603cc742ebec4ec,it looked like a tower defense and there are alot of these type of games. it has a cool idea but alot of the tower defense games has this idea,uncreative,0,2,0,0,0,0,0,0,0,0,0,0,0,,
88,669a65bbe45b41c3162d0d79,The idea is simple but the most creative part is waht u can do with a simple concept like this. The level i played were simple too but there is a high potential fo way more complex and creative level designs ,creative,0,0,0,0,0,0,0,0,0,0,0,0,1,,
89,669a65bbe45b41c3162d0d79,i liked the idea of switching the platform/puzzle formula from moving the character to moving the space around him ,creative,0,0,0,0,1,0,0,0,0,0,0,0,0,,
90,669a65bbe45b41c3162d0d79,"The game can leave much freedom to the palyer making him decide how to approach and complete a level
",creative,0,0,0,0,0,0,0,0,1,0,0,0,0,,
91,698ce4c33956b8cb4fc8f802,"It is a neat idea of a game, but too basic, as it doesn't require much imput by the user, and the rules are too unintuitive.",mixed,0,0,1,0,0,2,0,0,2,2,0,0,0,,
92,698ce4c33956b8cb4fc8f802,"It was a creative idea of a game, can't say that I've played a game like this before",creative,0,1,0,0,0,0,0,0,0,0,0,0,0,,
94,5d3ce65a33b894000125909b,I love that we needed to use both hands to move the characters and also time the movements perfectly. I found the use of a tie signal very creative,creative,0,0,0,0,1,0,0,0,0,0,0,0,0,,
95,5d3ce65a33b894000125909b,"I didn't quite get it, but I loved being a moth haha  ",mixed,0,0,1,0,0,0,0,0,0,2,1,0,0,,
96,5d3ce65a33b894000125909b,"I think that the use of ink to protect a piece of land or an entire city was very creative, also that it didn't last forever and you needed to be aware of the time you had left",creative,0,0,0,0,1,0,0,0,1,0,0,0,0,,
97,5e1b3b93f07b72359c0c4ffe,learning the rules alone was a little challenging but fun,mixed,0,0,0,0,0,0,0,0,1,0,1,0,0,,
98,5e1b3b93f07b72359c0c4ffe,very unique to mix the balls colors ,creative,0,0,0,1,0,0,0,0,0,0,0,0,0,,
100,699b19eb2744be8e2c9e73ed,"The instructions are really hard to understand. I spend 5 minutes before seeing anything move because of my actions. Once I knew what I was doing, It still felt very random.",uncreative,0,0,0,0,0,0,0,0,0,2,0,2,0,"""random"" - lack of intentionality",
101,699b19eb2744be8e2c9e73ed,I've seen games with bouncing balls of different colors back in high school 10 years ago. But I don't remember them being about filling buckets. That seems new.,mixed,0,0,0,1,0,0,0,0,0,0,0,0,0,combination of old game type with new purpose idea,
103,69348f64be85265e846c5117,"this kinda reminds me the plague inc. or the SCP foundation, always interesting to be able to access confidential stuff.",creative,0,0,1,0,0,0,0,0,0,0,1,0,0,,
104,69348f64be85265e846c5117,"Do not know what intends to convey, maybe a good time killer.",mixed,0,0,0,0,0,0,0,0,0,2,0,0,1,,
105,69348f64be85265e846c5117,"quite creative cus connect the sound and vison
",creative,0,0,0,0,1,0,1,0,0,0,0,0,0,combination of two of player's sensory modalities,
106,6661e3435d2645ebabbb4c09,"Would  say it's a simple yet complicated concept? Because the instructions are there, but each person interprets them differently",mixed,0,0,0,0,0,0,0,0,0,2,0,0,0,,
107,6661e3435d2645ebabbb4c09,"Compared to the previous game, this one was more intuitive and a little more fun the functions of objects of attraction/repulsion and how they lit up",creative,0,0,0,0,1,0,0,0,0,0,1,0,0,,
108,6661e3435d2645ebabbb4c09,"It reminds me of a game ""Fireboy and Watergirl,"" which has a very similar two-player theme",uncreative,0,2,0,0,0,0,0,0,0,0,0,0,0,,
112,6989da604f75e4c44ffefa17,i mean had to play it 3 times and understand all the mechanics a bit buggy and the slingshot thing was really annoying to figure it out but overall after understanding i guess makes sense the mechanichs might like it after all,mixed,0,0,0,0,0,0,0,0,0,2,0,2,0,,
113,6989da604f75e4c44ffefa17,the whole mixing of colors and and opening the game i liked it,creative,0,0,0,0,1,0,1,0,0,0,0,0,0,,
114,6989da604f75e4c44ffefa17,the shadow and light form was greeat but didnt understand some aspects,mixed,0,0,0,0,1,0,0,0,0,2,0,0,0,,
118,66613916abcfcbe01b57b32a,it was really and interesting and fun learning ,creative,0,0,0,0,0,0,0,0,1,0,1,0,0,,
119,66613916abcfcbe01b57b32a,"I liked the concept of it and how challenging it is. It was hard for me to figure it out,.",creative,0,0,1,0,0,0,0,0,1,0,0,0,0,,
120,66613916abcfcbe01b57b32a,its a pretty cool game but very complicated to know what to do ,mixed,0,0,0,0,0,0,0,0,0,2,1,0,0,,
122,566bdeb3beaf21001240085a,"It feels like one of the simplest ideas for a game, it's not fun or entertaining.",uncreative,0,0,0,0,0,2,0,0,2,0,2,0,0,,
123,566bdeb3beaf21001240085a,"This was super random, not even a tutorial dares to end up with this. What's even the score?",uncreative,0,0,0,0,0,0,0,0,0,2,0,0,0,"""random"" - lacking intentionality",
124,697d2057698dc9f0b71f0a43,"At first I thought the name was pretty bad, and I thought it would be easy, but after I had to repeat it because I lost, I started to understand, and I saw that to win I needed to follow an order or make a plan to defeat each enemy in the game. I thought the part about the enemies and how each one worked was really ingenious. The game itself is quite simple, but the enemy mechanics are what make the game fun and entertaining.",creative,0,0,0,0,1,0,0,0,1,0,0,0,0,,
125,697d2057698dc9f0b71f0a43,"In the short time I played, I didn't find it creative. There are many games with the same theme, where you have to move two characters at the same time to reach a point together, or you need both to complete the game. I didn't find anything authentic, maybe only the part about the string that holds the two characters together, but apart from that, I didn't find it creative.",mixed,0,2,0,0,0,0,0,0,0,0,0,0,0,,
126,697d2057698dc9f0b71f0a43,"I thought the part where you had to move the words to transform the ""power"" of the block that would become the character was cool. I found it interesting, not fun, but it's cool. Maybe a more detailed game would be fun, but in my opinion, the whole part of the game where you have to move the words was creative.",creative,0,0,0,0,1,0,0,0,0,0,2,0,1,,
128,698df101576c5053da213573,Not good mechanics at all with that cut thing,uncreative,0,0,0,0,2,0,0,0,0,0,0,0,0,,
129,698df101576c5053da213573,It was most creative game if we count those three. Nice mechanics with light.,creative,0,0,0,0,1,0,0,0,0,0,0,0,0,,
130,66b7c04e75051c539d8b4776,"There was a technical issue with the game, connection denied. ",unclear,0,0,0,0,0,0,0,0,0,0,0,2,0,,
131,66b7c04e75051c539d8b4776,"Lack of gameplay modes, not very well made models",uncreative,0,0,0,0,0,2,0,0,0,0,0,2,0,,
132,66b7c04e75051c539d8b4776,The fact of having to light the way is a creative interesting mechanic.,creative,0,0,0,0,1,0,0,0,0,0,0,0,0,"""interesting""",
134,693cb7531c138f131ae16026,It is a bit creative as using the rythm of the music to defeat enemies is original,creative,0,0,0,1,0,0,0,0,0,0,0,0,0,,
135,693cb7531c138f131ae16026,It is a basic platformer without any new mechanics,uncreative,0,0,0,2,0,0,0,0,0,0,0,0,0,,
136,5c4684826a7dbc00017c0a87,"Having to make decisions with minimal guidance beyond pointers and basic controls means a significant amount of space is available to try different things out, so it is a creative game and it allows creativity in terms of margins",creative,0,0,0,0,0,0,0,0,1,0,0,0,0,,
138,5c4684826a7dbc00017c0a87,Somewhat creative because it uses a familiar concept (cutting objects) in an interesting way,mixed,0,0,0,1,0,0,0,0,0,0,0,0,0,,
140,673e66683243bb7c85a17b5a,"This game felt very creative, by using bold text like FRAGILE to make the wall break i think is creative and fun, ",creative,0,0,0,0,1,0,1,0,0,0,1,0,0,,
141,673e66683243bb7c85a17b5a, I think the different creatures were creative. Also the creatures attributes were creative. I also found the prompts you had to pay attention to creative. ,creative,0,0,1,0,0,0,1,0,1,0,0,0,0,,
142,697bacf779007fb89caad347,"I found it creative because it's a musical game that helps you train your sense of rhythm. Besides, the song was entertaining, and it's an idea I had never seen before. Additionally if each level has different songs, this greatly expands the game's possibilities, which prevents it from ever becoming repetitive.  ",creative,0,1,0,0,1,0,1,1,1,0,1,0,0,,
143,697bacf779007fb89caad347,"I found the game creative because you don't just control one object or character at a time, in this case there were two objects, which forces you to use both hands and coordinate them in order to win. I think it's a good game for training motor coordination.  ",creative,0,0,0,0,1,0,0,0,1,0,0,0,0,,
144,697bacf779007fb89caad347,"The game is simply about clearing the way for a square that keeps moving forward, which isn't really fun at all. It feels repetitive after a short time and there isn't much variety in the game. It becomes somewhat monotonous.  ",uncreative,0,0,0,0,0,2,0,0,2,0,2,0,0,,
145,631610af8e747093cd90e00d,"The game didn't really offer much in the way of creativity. there was no story, there wasn't much gameplay.",uncreative,0,0,2,0,0,0,0,2,0,0,0,0,0,"""no story"" - lacks narrative theme/element",
147,631610af8e747093cd90e00d,Gameplay was a bit creative but visually it was boring.,mixed,0,0,0,0,1,0,2,0,0,0,0,0,0,,
148,6992fdf8bd688e6c9f7627b8,The beat based matching aspect was very creative although also somewhat challenging. I like the integration of damaging aspects from the colored orbs and that they differ. I do think it couldve been slightly more creative by adding some sort of special ability to the player orb.,creative,0,0,0,0,1,0,0,0,1,0,0,0,1,,
149,6992fdf8bd688e6c9f7627b8,"The ""get to a goal together"" concept is not very original. Being tethered to eachother does add some originality, especially combined with a hp bar.",mixed,0,2,0,1,0,0,0,0,0,0,0,0,0,,
150,6992fdf8bd688e6c9f7627b8,"The concept of using specific bolded words to affect the levels is something I've rarely seen before. The level design apart from that doesn't have much going on, but it feels like this is intentional.",mixed,0,0,0,1,0,0,0,0,0,0,0,0,0,"""it feels like this is intentional""",
151,6977c0dd24d3fdad12e17e23,"The logic of the game is pretty basic, just move and avoid obstacles, the stamina factor is not challenging, and I don't understand the rain or the other flies, how they affect me ",uncreative,0,0,0,0,2,2,0,0,0,2,0,0,0,,
152,6977c0dd24d3fdad12e17e23,"I didn't get it, i mean, i moved a block, it was not a game (??)",uncreative,0,0,0,0,0,0,0,0,0,2,0,2,0,,
154,69781e065ba9a4f5f1743c76,"it's completely boring and bad quality game, bad controls and no sense",uncreative,0,0,0,0,0,0,0,0,0,2,2,2,0,,
155,69781e065ba9a4f5f1743c76,a bit creative idea of control two items at the same time,creative,0,0,0,0,1,0,0,0,0,0,0,0,0,,
157,5ede88a1c008530fb60aa557,had no goal and no explanation of what was going on,uncreative,0,0,2,0,0,0,0,0,0,2,0,0,0,"""no goal"" -- no purpose",
158,5ede88a1c008530fb60aa557,that game was so boring and unintresting,uncreative,0,0,0,0,0,0,0,0,0,0,2,0,0,,
159,5ede88a1c008530fb60aa557,i mean it was some what better than the others in terms of an actual task,mixed,0,0,1,0,0,0,0,0,0,0,1,0,0,"good because there was a ""task"" -- purpose/goal",
160,6581c0e7703c9d00a5d2e6da,The concept is very generic you click on the screen to make the character go forward and avoid obstacles there are too many of these kinds of games already,uncreative,0,0,0,2,0,0,0,0,0,0,0,0,0,,
162,6581c0e7703c9d00a5d2e6da,I enjoyed the theme and the music. The different stars did different animations. I also enjoyed the story it told,creative,0,0,1,0,0,0,1,0,0,0,1,0,0,"""enjoyed the story"" - narrative theme/element was important",
163,6941c8bfb62e4a8cb89c8925,"it is very creative yet i couldnt really understand the rules clearly, and i havent had much fun here...",mixed,0,0,0,0,0,0,0,0,0,2,2,0,0,,
164,6941c8bfb62e4a8cb89c8925,"its a basic game, just avoid the bad things and move from point a to b",uncreative,0,0,0,2,0,2,0,0,0,0,0,0,0,,
166,5b68c9eb87af310001584803,"what made it creative was the usage of case files and having 3 different functions of approve, deny and redirect made the game quite fun and challenging and the theme of fantastical creatures mixed with detective work made it very unique in my eyes, there was nothing uncreative about it ",creative,0,1,0,0,1,0,1,0,1,0,1,0,0,,
167,5b68c9eb87af310001584803,"the game was quite uncreative as it used generic art and backgrounds and had no story or character to it which i look for in a game, it also had no instructions which makes me think it had not thought put into it",uncreative,0,0,2,0,0,0,2,0,0,2,0,0,0,"""no story"" - no narrative theme/element",
168,5b68c9eb87af310001584803,"the game was quite creative as it was a puzzle based on words that needed to be moved so a wall could come down and the blob could escape, i found this concept very creative and original and i could imagine each level getting more progressively difficulty therefore requiring a creative mind to solve this ",creative,0,0,0,1,0,0,0,0,1,0,0,0,0,,
169,68bb85dca4c5cc35b70f499b,the game is simple. neither creative or uncreative because it involved simple control and mission.,mixed,0,0,0,0,0,0,0,0,0,0,0,0,0,"simple ""mission"" -- the purpose/goal wasn't enticing enough",
170,68bb85dca4c5cc35b70f499b,at first it was hard to figure out the game and how to move the paper craft. it took some times.then it get easy when u figure it out that made it feels great.,mixed,0,0,0,0,0,0,0,0,1,2,1,0,0,,
171,68bb85dca4c5cc35b70f499b,no quite creative. the game was hard to navigate and the instruction was not clear.,uncreative,0,0,0,0,0,0,0,0,0,2,0,2,0,,
172,5d1f5c20aaa27b001954de31,it was creative because i had a sense of freedom where i would put my blocks to move the balls and where to mix my balls for the right colour,creative,0,0,0,0,1,0,0,0,1,0,0,0,0,,
173,5d1f5c20aaa27b001954de31,it had a nice feeling of protecting somehow the peopel,creative,0,0,1,0,0,0,0,1,0,0,0,0,0,,
174,5d1f5c20aaa27b001954de31,intresting approach especially using both arrow keys and wasd which most of the case is one or the other,creative,0,0,0,0,1,0,0,0,0,0,0,0,0,"""interesting""",
175,699f6b2ff9170ee287ce9161,"It could be much more creative if you could make two moves in a row. Also, the energy system makes some parts feel a bit clunky. Overall, I find it a very basic game, but it serves its purpose as a distraction when needed.",mixed,0,0,0,0,0,2,0,0,0,0,0,2,1,,
176,699f6b2ff9170ee287ce9161,The mechanics of light and darkness to make the light follow is always very attractive,creative,0,0,0,0,1,0,1,0,0,0,0,0,0,,
177,699f6b2ff9170ee287ce9161,"
I couldn't understand the game because it was unclear, but if the idea is to cut off the space to get closer to the target, then I understood.",mixed,0,0,0,0,0,0,0,0,0,2,0,0,0,,
178,60c13bce0d8616e48d044bd0,"I found it creative because of the different way of ""fighting"" against many types of monsters, even if in this case it is just a matter of approving or rejecting them.",creative,0,0,1,0,1,0,0,0,0,0,0,0,0,,
181,60da6f47359a9fc411cc8313,"The art style is simplistic, but the goal of the game is fun. Games where you lead people/creatures are nothing new but the element of wind in this one provided a fun challenge",mixed,0,2,0,0,1,0,2,0,0,0,1,0,0,,
182,60da6f47359a9fc411cc8313,It is a fun puzzle concept I havn't seen before,creative,0,1,0,0,0,0,0,0,0,0,1,0,0,,
184,697cee693cacc7fc3ccaedb3,"The game was very unpleasant and uncreative because all you had to do was click on some tiles to protect the city. It gets boring after 3 minutes, no sound, no nothing.",uncreative,0,0,0,0,0,2,2,2,2,0,2,0,0,,
185,697cee693cacc7fc3ccaedb3,"You had to be sneaky to try to get to the other part of the map. grab gold and then leave without making any noises, thats very amusing.",creative,0,0,0,0,1,0,0,0,0,0,1,0,0,,
186,697cee693cacc7fc3ccaedb3,"I didnt understand the concept of the game, and almost nothing worked and it seem very basic, not intuitive.",uncreative,0,0,0,0,0,2,0,0,0,2,0,2,0,,
187,697b7d329eb08e3eb1ec8e2b,"Even though it has specific rhythm mechanics and animations for each ball, it still very simple machanics to appeal for most of the videogame players out there. i would like a more sophisticated experience if a were to play a videogame like this.",mixed,0,0,0,0,2,2,0,0,2,0,0,0,0,,
189,697b7d329eb08e3eb1ec8e2b,"It was a very boring kind of game, the only thing yo do is jump the triangles. there are millions of games like this in smartphones.",uncreative,0,0,0,2,2,2,0,0,2,0,2,0,0,,
192,671a6c6227da7c097cfe8caf,IT was very creative but also quite hard ,creative,0,0,0,0,0,0,0,0,1,0,0,0,0,,
193,6995128bd75ec09b6e8b6973,it was just basic shapes. i see potential,mixed,0,0,0,0,0,2,0,0,0,0,0,0,1,,
194,6995128bd75ec09b6e8b6973,"it wws a bug brain teaser, i feel i was having technical difficulties",unclear,0,0,0,0,0,0,0,0,0,0,0,2,0,,
196,68c03814183fb278ae8ac1c9,the game's idea of fast learning and applying the rules is creative. the creatures' responses and the rules make the game more interactive ,creative,0,0,1,0,1,0,0,0,1,0,0,0,0,,
197,68c03814183fb278ae8ac1c9,The game's idea is very superficial as there is not any purpose that makes me want to play it,uncreative,0,0,2,0,0,0,0,2,0,0,2,0,0,"""there is not any purpose"" no purpose/goal",
198,68c03814183fb278ae8ac1c9,"the game visual and sound effect makes it more creative, also the gameplay is enjoyable",creative,0,0,0,0,0,0,1,0,0,0,1,0,0,,
199,697a9cc58e44ed0a6d497a73,"The game is quite creative, reminiscent of some web games, but I can't recall any that use the same premise.",creative,0,1,0,0,0,0,0,0,0,0,0,0,0,,
200,697a9cc58e44ed0a6d497a73,"This is very good. For those who want to train their motor coordination, this helps a lot in developing that proficiency.",creative,0,0,0,0,0,0,0,0,0,0,1,0,1,,
201,697a9cc58e44ed0a6d497a73,"I found it uninspired. The premise of avoiding documentation was good, but the gameplay imitated other games.",uncreative,0,0,1,2,0,0,0,0,0,0,0,0,0,,
202,69289ee670aad30bf97ccddf,"The game had game breaking bug which stopped me from testing it out completely, as it would not restart.",unclear,0,0,0,0,0,0,0,0,0,0,0,2,0,,
203,69289ee670aad30bf97ccddf,"This was an amazing game with a highly creative concept, the way physics of balls played the overall role, and how the notes should be hit can make the level design in this game extremely challenging and fun.",creative,0,0,1,0,1,0,0,0,1,0,1,0,0,,
204,69289ee670aad30bf97ccddf,"It sure is creative, but not as fun as it could be. The game easily drags on and becomes frustrating.",mixed,0,0,0,0,0,0,0,0,0,0,2,0,0,,
205,69129a44e90ae61a87c472fd,"I don't know 100% what the game was about, but after a while it seemed to be something about overcoming obstacles and reaching the final destination. It was a little fun to control and “show” the way to the end of the course.",mixed,0,0,0,0,0,0,0,0,0,2,1,0,0,,
206,69129a44e90ae61a87c472fd,"I enjoyed playing this, lol. It was simple and fun. At first, I wasn't quite sure what it was about, but I soon realized it was a puzzle, and I liked the way it was designed.",creative,0,0,0,0,0,1,0,0,0,0,1,0,0,,
207,69129a44e90ae61a87c472fd,"The game somehow seemed a little similar to the first game to me, with the main objective being to control some ‘object’ and overcome obstacles to reach a final goal. The gameplay is very similar, but the game's definition may be different.",mixed,0,0,0,2,0,0,0,0,0,0,0,0,0,,
208,66b93f99d7c07d8558f67c5c,"I cant really explain if it was creative or not because there was no explanation as to what I was meant to be doing. Im not sure  what ""cut space"" meant ",unclear,0,0,0,0,0,0,0,0,0,2,0,0,0,,
211,69a07c9683353f56f4e8bc70,"the timing, I had to calculate every move ",creative,0,0,0,0,0,0,0,0,1,0,0,0,0,,
214,698260ce3951fc5c27fc3dbc,"I found the game simple and creative, which I see as a big plus. Since it's pretty basic but functional, anyone with a bit of common sense can figure out the goal and how to beat it.",creative,0,0,0,0,0,1,0,0,0,1,0,1,0,,
215,698260ce3951fc5c27fc3dbc,"Since it's such a short experience and lacks content, I think the game could really be fleshed out more. There's just not a lot to do in it right now.",uncreative,0,0,0,0,0,2,0,0,0,0,0,0,0,,
216,698260ce3951fc5c27fc3dbc,I found this game really creative. The fast-paced gameplay makes you think on your feet and keeps you coming back to beat your own performance. Brilliant.,creative,0,0,0,0,0,0,0,0,1,0,1,0,0,,
217,5eee22ab319d6928d2ec1030,"The game had it's own type of mechanics, and it was unique",creative,0,0,0,1,0,0,0,0,0,0,0,0,0,,
218,5eee22ab319d6928d2ec1030,"What made it creative was that I had to click and hold the direction I want the plane to fly to, rather than controlling it with the arrow direction like most games.",creative,0,0,0,1,0,0,0,0,0,0,0,0,0,,
220,5a947fb0f05361000171b5a3,"The concept felt creative but the mechanics were very generic, the gameplay loop has been done before, but the overall idea felt relatively unique.",mixed,0,1,0,2,0,0,0,0,0,0,0,0,0,,
221,5a947fb0f05361000171b5a3,"The idea of the game was creative, getting to see the reactions was interesting and the concept of frustrating someone was interesting.",creative,0,0,1,0,0,0,0,0,0,0,0,0,0,interesting,
222,5a947fb0f05361000171b5a3,"The concept felt unique and creative, similar to games like Papers Please.",mixed,0,1,0,0,0,0,0,0,0,0,0,0,0,,
223,6980e32bc22bae8cb57154ed,"The game is actually pretty boring, that's my honest take, because the instructions were not pretty clear and i tried to save the cities, when they are protected the tile is highlighted in yellow, that yellow isnt visible enough, when i focus on other tiles i cant see that the other tiles are not protected anymore, the objective was clear and simple, it was kind of stressful and thats a good thing, you want to stay engaged, but could work on the animations more. overall its a simple basic game not much creativity to it, pretty straightforward instructions, save the cities.",uncreative,0,0,0,0,0,2,2,2,2,2,2,0,0,,
224,6980e32bc22bae8cb57154ed,"i like it, it had a dark map and a flaring light on the moving object so that you can see the way to move, you had to start off your brain and try to remember the way back too, i like games like this, its creative but the concept is already seen before so it not that creative, its slightly creative i like it.",mixed,0,2,0,0,1,0,1,0,0,0,0,0,0,,
225,6980e32bc22bae8cb57154ed,"i actually dont understand what i just played, i did my best to try to click on the blocks or move them but nothing worked, its kind of frustrating ",uncreative,0,0,0,0,0,0,0,0,0,2,0,0,0,,
226,66d0944b9f8f566817ad708c,It was pretty basic and nothing more creative about it ,uncreative,0,0,0,0,0,2,0,0,0,0,0,0,0,,
227,66d0944b9f8f566817ad708c,It was the breaking down of walls,creative,0,0,0,0,1,0,0,0,0,0,0,0,0,,
228,66d0944b9f8f566817ad708c,"Creative, the idea of moth and light is pretty fun",creative,0,0,1,0,0,0,0,0,0,0,1,0,0,,
229,69967d911d9f679e547767a2,"This game is creative in its core concept; the base idea is interesting, and protecting all the cities offers a genuine challenge.

However, the gameplay loop lacks creativity and quickly becomes extremely repetitive. There is a severe lack of visual indicators regarding the protection status of the villages, and the fog wave itself lacks impact and a real sense of threat.

Honorable mention for the areas that resist the ink—that is a genuinely interesting mechanic.
That being said, the ink action is easily spammable during its cooldown. This leads the player to mindlessly click on a house in a loop just to protect it the exact second it refreshes. Finally, the game desperately needs clear timing indicators for the fog's progression.",mixed,0,0,1,0,1,2,2,0,0,0,2,0,0,"""interesting""",
230,69967d911d9f679e547767a2,"This title relies heavily on classic Flash-era stealth mechanics, which makes the overall game lack true creativity. I have seen this exact formula numerous times before, both in 2D and 3D formats.

However, if I had to point out one genuinely creative element, it would be the mechanic where staying in absolute darkness for too long results in a failure. Beyond that single aspect, the concept remains very basic.",mixed,0,0,0,2,0,0,0,0,0,0,0,0,0,,
231,69967d911d9f679e547767a2,"In my assessment, this game feels slightly more creative than the previous titles. It introduces more parameters to manage, requires precise navigation to overcome specific obstacles, and utilizes a core concept that is noticeably less common than the formulas seen in the first two tests.

The genuinely creative aspects lie in the ability to control the alignment and density of the units—specifically, the tactical mechanic of commanding the swarm to spread out to avoid hazards, or to form a strict, narrow line to pass through tunnels.

However, where it falls short in terms of creativity is its underlying structure. Ultimately, it remains a standard escort game where you move units from point A to point B while dodging environmental elements. It is a solid execution of those mechanics, but it is not revolutionary",mixed,0,0,0,2,1,0,0,0,0,0,0,1,0,,
232,66465c850d9a3e177f2649fa,"It was kind of creative with the ability to drop lights to direct the character where to move, but it didn't really have anything else than that. The whole point of the game is to just move right, and it didn't involve any thought to proceed through the game.",mixed,0,0,0,0,1,2,0,2,0,0,0,0,0,,
233,66465c850d9a3e177f2649fa,"It was sort of creative in the way that words interacted with the environment, but it was also too simple and at first fairly hard to understand how to make the words interact with things",mixed,0,0,0,0,1,2,0,0,2,2,0,0,0,,
234,66465c850d9a3e177f2649fa,"The game used the idea of being a paper plane and soaring through the wind as a way to show how free a person could be. At least I think that is what they were going for.  The reality of the game is it is just objects placed in a small level with mechanics that weren't thought out very much, as it's frustrating to control.",mixed,0,0,0,0,2,0,0,0,0,0,2,0,0,"""Mechanics that weren't thought out very much"" - indicates lack of intentionality. Gameplay/experience isn't as emotionally resonant or meaningful as the concept would have you think.",
235,696aa41c3b8c0f122470a488,It was not fun since I couldn't not see much and I did not clearly understand what the game was about.,uncreative,0,0,0,0,0,0,0,0,0,2,2,0,0,,
236,696aa41c3b8c0f122470a488,Nothing made sense except the fact that I could pull my triangle glider that did not glide at all to the end.,uncreative,0,0,0,0,0,0,0,0,0,2,0,2,0,,
238,68d3f90c71dc2351e2b2d41e,i gave it 3 because i like the aspect of space and moon etc. but i think that the concept is kind of similar to oher games .,mixed,0,2,1,0,0,0,1,0,0,0,0,0,0,,
239,68d3f90c71dc2351e2b2d41e,"the game was impossible to understand in my opinion , it kept flashing texts that i couldn't read with no  instructions on how to actually play the game.",uncreative,0,0,0,0,0,0,0,0,0,2,0,0,0,,
240,68d3f90c71dc2351e2b2d41e,i loved the game and the whole concept of it was very creative,creative,0,0,1,0,0,0,0,0,0,0,0,0,0,,
241,698df8c121a05e20db810262,I think it's really a creative idea in a kind of platformer to be able to change the objects around you with writting what you want to be there. I only know of one game where you can make objects by naming them scribblenauts but that game is different in style and genre.,creative,0,0,0,1,0,0,0,0,0,0,0,0,0,,
242,698df8c121a05e20db810262,The game was aesthetically very nice and very atmospheric I think that was the most creative part. ,creative,0,0,0,0,0,0,1,0,0,0,0,0,0,,
243,698df8c121a05e20db810262,"I feel like I played a lot of that type of ""avoid the cops light"" games",uncreative,0,0,0,2,0,0,0,0,0,0,0,0,0,,