row_id,prolific_subject_id,answer,valence,mechanics,sub_mechanics_execution,sub_mechanics_design,visuals_aesthetic,audio,general_no_specification,difficult,simple,confusion,bugs,concept,broken_bugs_couldnt_evaluate_at_all,analyst_extra_note,analyst_defense
7,5cd0909f6e2d5800163ed5de,I could not do anything,unenjoyable,0,0,0,0,0,0,0,0,0,0,0,2,,
130,66b7c04e75051c539d8b4776,The game connection was denied,unenjoyable,0,0,0,0,0,0,0,0,0,0,0,2,,
202,69289ee670aad30bf97ccddf,"Again, the game had a game-breaking bug, so I couldn't fully explore its difficulty.",unenjoyable,0,0,0,0,0,0,0,0,0,0,0,2,,
59,697a65fa2b4f2c04ad2f3bc2,"Its was short, not funny, and the part of the cut it was buggy and can not make a report because i win so fast and i dont even know how i wan because the cut was so fast and without an animation that i dont even know what happen, And the idea can be better but i was bad.",unenjoyable,2,2,0,0,0,0,0,2,2,2,2,0,,
122,566bdeb3beaf21001240085a,"In the realm of echo visibility games, this was probably one of the worst I've ever played. The echo started where I was when I moved, so it felt like it was lagging behind me, it didn't illuminate much. Some walls seemed unpassable, too. It was like a forced ""labyrinth"" but also it wasn't even interesting, I ""solved"" it in one try (did it even have something to stop me?). There was a triangle that seemed to do nothing.",unenjoyable,2,2,2,0,0,0,0,2,0,0,2,0,,
144,697bacf779007fb89caad347,"The game doesn't have any truly or creative elements. It moves too fast, each round is very short and there isn't much connection between one level and the next. On top of that, some levels are extremely difficult to complete. ",unenjoyable,2,2,2,0,0,0,2,2,0,0,2,0,,
145,631610af8e747093cd90e00d,It was pretty boring and I was largely just clicking randomly to progress. My input mattered very little so long as I kept it moving right. ,unenjoyable,2,0,2,0,0,0,0,2,0,0,2,0,,
71,69139019e887fef6bf369ea3,More enjoyable than the first game which I couldn't even play. This one at least let me jump two whole gaps! What is the purpose of making players test a game that is one level long and that a 4 year old could do? Not sure what data I can provide but yeah great job with the flash game.,unenjoyable,2,0,2,0,0,0,0,2,0,0,2,0,,sarcasm
52,698a1701a5b02ba695e33055,"At first i thought the game were bugged but thats just was the way its, the level is so basic and the graphics / design is poorly made not to mention not having any sound.
Nothing felt enjoyable and i was kind of frustrated of how dull the game is because its meant to be like a puzzle timing sort of  game but no its just unorganized simple game",unenjoyable,0,0,0,2,2,0,0,2,0,0,2,0,,
87,6987fbc16603cc742ebec4ec,it was normal not enjoyable and not boring it has a cool idea but this idea was used soo much i cant even remebr when did i play a tower defense original game,mixed,0,0,0,0,0,0,0,0,0,0,2,0,,
123,566bdeb3beaf21001240085a,"I mean, there's a reason why there's 300 versions of it on those machines. It's not the most fun game, but it's entertaining. This one lacked score, difficulty ramp-up or anything good. I thought the lights were powerups, then I thought the rectangles were speed ups. What were the rectangles, even?",unenjoyable,0,0,0,0,0,0,0,2,2,0,2,0,,
215,698260ce3951fc5c27fc3dbc,"I know I'm repeating myself a bit, but it's just because I really didn't like anything about this game. Besides being super short, it has zero story and absolutely no complexity.",unenjoyable,0,0,0,0,0,0,0,2,0,0,2,0,,
47,6679a3b7cb020a6e4728eac5,"The concept worked pretty good, the gameplay has few flaws, the game was broken, one of the four enemies had its part of the screen bugged, so after ""feeding"" the other three enemies, the blue screen got so black, so i failed to finished it because i wasn able to see it. The game has few enjoyable mechanics, like feeding following the music, avoiding bullets and repeting few time the formula, its pretty interesting because if you had only to feed one time, you can basically try ""test and error"" all time to fulfill the game, but with that system of feeding 4-5 times you have to learn the pattern. The most frustating thing was that few of the enemies needed more time to feed them, because it was like 0.1s to do it right, it needed more time.",mixed,1,2,1,0,0,0,1,0,0,2,1,0,,
142,697bacf779007fb89caad347,"The game was enjoyable because of the music, the sounds, and the fact that the idea felt new and original to me. However, the level of detail was not good enough. It didn't have many visual details, it looked very simple and somewhat empty. Sometime the functionality was bugged, specially with the pink dot. Sometimes, I think the game didn't properly detect the rhythm when I pressed the space bar, I believe it has some bugs. But overall, it was entertaining because you try to follow the rhythm of each dot to feed it. At the end it was entertaining. ",mixed,1,2,1,2,1,0,0,0,0,2,1,0,,
162,6581c0e7703c9d00a5d2e6da,It was a bit enjoyable trying to eat all the enemies until I had a bug that caused me to not being able to proceed and I was stuck waiting for the game to end by itself. I think the timing of clicking space was a bit too hard sometimes,mixed,1,2,1,0,0,0,0,0,0,2,1,0,,tagged positive mechanics and concept because they liked overall gameplay
28,699c8b77fb904ad725023f28,"I encountered a few bugs so that is why I put it at a rating of 3, but overall the game could be really fun if it gets more polished",mixed,0,0,0,0,0,1,0,0,0,2,1,0,potential,
146,631610af8e747093cd90e00d,"I love rhythm games and I think, conceptually, it's at least an okay idea, but the gameplay isn't particularly great. You can't rely on the rhythm of the music so the timing is very off and feels bad.",unenjoyable,2,2,2,0,0,0,0,0,0,0,1,0,,
148,6992fdf8bd688e6c9f7627b8,"The controls worked well, and the concept was quite appealing. The entertainment value is mediocre due to the relative simplicity of the concept. I was somewhat frustrated by the method of dealing damage, though this might be down moreso to my own ability.",mixed,1,1,2,0,0,0,0,2,0,0,1,0,,
21,6926452ca418f7b008a000a3,"The concept of launching the 'balls' on the rythm of the music seems like a good idea and works decently, however I feel like it should be fleshed out a bit more since it seems easier to 'win' at the game by just spamming the mouse button.
The audible and visual feedback of the balls being launched and creating the sounds was pretty enjoyable though!",mixed,2,0,2,1,1,0,0,2,0,0,1,0,,
79,6980963784c580dd87bb1a3a,"The game was moderately enjoyable. The visual design and atmosphere were engaging, and the changing outcomes based on player behavior were interesting. However, the mechanics were simple and became repetitive after a short time.",mixed,2,0,2,1,0,0,0,2,0,0,1,0,,
80,6980963784c580dd87bb1a3a,"The concept was interesting, but the gameplay felt minimal and repetitive. After understanding the mechanic, there wasn't much challenge or variation.",mixed,2,0,2,0,0,0,0,2,0,0,1,0,,
81,6980963784c580dd87bb1a3a,"Interesting concept, but gameplay was minimal",mixed,2,0,2,0,0,0,0,2,0,0,1,0,,
126,697d2057698dc9f0b71f0a43,"I didn't find the game fun, I thought it was cool, interesting and genuine, but not fun. It lacked more information or details to make the game a little more enjoyable, like having more functions than just being able to change the ""powers"" with words.",unenjoyable,2,0,2,0,0,0,0,2,0,0,1,0,,
221,5a947fb0f05361000171b5a3,"Although the idea was unique, it was very simple, and I only needed to hit two buttons in order to complete it. There was no effort, and no enjoyment because of that.",unenjoyable,2,0,2,0,0,0,0,2,0,0,1,0,,
84,6577257c0f74c02eed5453c8,"It was generally cool, but the speed was too slow. I lost the first time because I did not understand the shadow thing. It loses my birds but I did not know why. The rest was enjoyable, the level design, the objectives, the difficuly and the movement. ",mixed,1,2,1,0,0,0,1,0,2,0,1,0,,
124,697d2057698dc9f0b71f0a43,"The part that didn't work well, in my opinion, was the movement aspect. I found it very bad; if the character controls were better, it would be more fun. I loved the part about the enemies and how to hit them, and it seems that the longer it takes and time passes, the harder it gets to hit them, which I found quite fun, and that worked very well. The controls may have slightly hindered the movements of trying to hit the enemies.",mixed,1,2,1,0,0,0,1,0,0,0,1,0,,tagging concept and difficulty because of comment about enemies
55,641359b5040c453203e2c088,The game was very enjoyable overall because the wind mechanic made guiding the paper plane feel interactive and skill based. Adjusting the wind to control the plane’s direction added strategy instead of just tapping or holding one button. The level of detail in how the plane reacted to stronger or weaker wind felt smooth and mostly realistic which made it satisfying when you successfully navigated obstacles.,enjoyable,1,1,1,0,0,0,0,0,0,0,1,0,,
200,697a9cc58e44ed0a6d497a73,"The game worked very well, the construction is quite simple but the dynamics are very good.",enjoyable,1,1,1,0,0,0,0,1,0,0,1,0,,"valence of simple is unclear just from response; person rated effectiveness at a 5, so i tagged simple as positive"
10,5d164f9b1a4be700176367bd,The game was enjoyable. It was like playing music.,enjoyable,1,0,1,0,1,1,0,0,0,0,1,0,,
14,698dfb569c22eca3eb8b65fa,"I had to think, I was losing but I wasn't frustrated. This game was created really well and I can't tell which part was enjoyable, because I enjoyed whole game.",enjoyable,1,0,1,0,0,1,1,0,0,0,1,0,,
26,697a679cc7a5c19b7b777538,its a fun game. having to avoid too much time in the black areas and rotating the things are a cool concept.,enjoyable,1,0,1,0,0,0,0,0,0,0,1,0,,
33,6989c0c01b2e93d5d8f2e20a,i was enjoying the game and trying this new concept of controlling the subjects in the game but i was frustrated when the game just ended after i lost in the second round ,mixed,1,0,1,0,0,0,0,2,0,0,1,0,,
51,6980c16f9985e39f6bcbbe3a,I enjoyed the fact that I have to think in a way to make a cut in the space to make things easier for me. The level I just played was quiet easy But I think of how this thing will be of great amusement when the level gets harder and you have to think of a way to cut through the space to reach the goal,mixed,1,0,1,0,0,0,0,0,0,0,1,0,potential,"not tagging difficult because they said it was simple, but not tagging simple because it seems like the person's enjoyment hinges upon envisioning more difficult versions of the game "
132,66b7c04e75051c539d8b4776,It was quite entertaining and enjoyable trying to keep the character from falling and help him find his way through the light.,enjoyable,1,0,1,0,0,0,0,0,0,0,1,0,,
140,673e66683243bb7c85a17b5a,"I enjoyed finding out what to do, and realising that the words interacted with the world around you. It could be a fun puzzle game if the levels became increasingly harder.",mixed,1,0,1,0,0,0,0,2,1,0,1,0,potential,
143,697bacf779007fb89caad347,"I was surprisingly quite fond of the game. What makes it so enjoyable is that you have to guide two objects at the same time so they reach the same point, but in a mirrored way, meaning you do the same movements, but sometimes in opposite directions. This game has a lot of potential. ",enjoyable,1,0,1,0,0,0,1,0,0,0,1,0,,
173,5d1f5c20aaa27b001954de31,it was enjoyable because you had the feeling of helping the people and be fast about your decisions but i think after 2 3 games it would be kinda boring if it was only this,mixed,1,0,1,0,0,0,1,2,0,0,1,0,,"tagged positive difficulty because of the quick thinking, but tagged neg simplicity becuase the overall game design would become boring"
178,60c13bce0d8616e48d044bd0,"I liked that there were different types of monsters, that you have to make quick decisions and that new instructions keep popping up. I found it really interesting to play.",enjoyable,1,0,1,0,0,0,1,0,0,0,1,0,,
182,60da6f47359a9fc411cc8313,I enjoy puzzles and challenging games. Trying ti figure out the right path and way the waves travel was enjoyable,enjoyable,1,0,1,0,0,0,1,0,0,0,1,0,,
216,698260ce3951fc5c27fc3dbc,"I'd rate it as super fun because it does exactly what a good game should do: it makes you think, react quickly, and stay completely glued to the screen. The mechanic of evaluating characters through short speech bubbles is also really fun.",enjoyable,1,0,1,0,0,0,1,0,0,0,1,0,,
224,6980e32bc22bae8cb57154ed,"i loved the invisible walls, i loved the idea of a flashing light that shows you only part of the way, and the way that you had to remember the way back, i am sure i would enjoy this game if it had more levels with different difficulties",mixed,1,0,1,0,0,0,0,2,0,0,1,0,potential,tagged simple because some of this person's enjoyment seems to hinge on idea of more difficult levels. they rated at a 4
228,66d0944b9f8f566817ad708c,Trying to lure the moth away was pretty fun,enjoyable,1,0,1,0,0,0,0,0,0,0,1,0,,tagged concept and mechanics because they're discussing mechanics but their language is concept-centric  
58,697a65fa2b4f2c04ad2f3bc2,"I like it, it was funny,also, the mechanics are funny, how the triangle move feel ""natural"" for an Ai. 
But its was a little frustrating because the triangle can not move backwards, for example, if you want to get back, you have to move the triangle in a strange way instead of just make the triangle go back. ",mixed,1,2,0,0,0,0,0,0,0,0,1,0,,ai
85,6987fbc16603cc742ebec4ec,"i enjoyed the idea of a relaxing game that makes you call birds.but there is one major flaw the slow movement, and there is no sound or music makes it bare bones. it needs a new ideas ",mixed,2,2,0,2,2,0,0,0,0,0,1,0,,
147,631610af8e747093cd90e00d,Gameplay was novel but frustrating control wise. Second stage was particularly annoying to do.,mixed,2,2,0,0,0,0,2,0,0,0,1,0,,
196,68c03814183fb278ae8ac1c9,"the game was somewhat enjoyable because of the sound effects, the creative rules and the game graphics is good, but one of the bad aspects of the game is that it did not give me enough time to read and memorise the new rules.",mixed,2,2,0,1,1,0,0,0,2,0,1,0,,
231,69967d911d9f679e547767a2,"Ironically, this was the least enjoyable game of the three. While the core ideas are genuinely better than the previous titles, the extreme sluggishness of the pacing makes it highly irritating and soporific. It is impossible to feel engaged or stimulated while playing. Many players would have undoubtedly quit after the very first stage, if not earlier.

Furthermore, there is a highly frustrating visual issue in the second stage when the player must split the swarm to avoid the dark mass. The mechanic feels extremely unintuitive and poorly executed, as it seems inevitable to lose units. Finally, the dark mass hazard itself is very poorly telegraphed and incredibly hard to see",unenjoyable,2,2,0,2,0,0,0,2,0,0,1,0,,
150,6992fdf8bd688e6c9f7627b8,"The controls were smooth and the concept is fun. The effects of the bolded words were quite unclear, I originally thought they could be moved like platforms for you to stand on. After finding this was not the case I was still confused as I had used both words but still couldn't complete the level for a short while. Despite this I quite enjoyed the game, mostly due to the controls and creative concept.",mixed,1,1,0,0,0,0,0,0,2,0,1,0,,
242,698df8c121a05e20db810262,It was entertaining and moody. I think the background could be more detailed. I belive the goal or the mechanics of the game could be better explained. I don't know why my moth got lost on my first try. ,mixed,0,0,0,2,0,0,0,0,2,0,1,0,,
17,698efa571f78c2fb8bc759fc,"The concept of giving the player freedom of choice was good, the graphics and quality were very old looking.",mixed,0,0,0,2,0,0,0,0,0,0,1,0,,
43,697d5e0f7563e62c0dddf2e7,The game has very potential because of the originality but lacks details and visual asthetics ,mixed,0,0,0,2,0,0,0,0,0,0,1,0,potential,
45,697d5e0f7563e62c0dddf2e7,Even with the great idea of moving shadows with time the game is very bad looking and the explenations on how to play tha game is all over the place it needs a loot of polishing,unenjoyable,0,0,0,2,0,0,0,0,2,0,1,0,,
74,6989cbe1ec0087fc9a540678,Gets boring after the first 10 seconds but it has potential to be developed into something better,unenjoyable,0,0,0,0,0,0,0,2,0,0,1,0,potential,
86,6987fbc16603cc742ebec4ec,i did enjoy it even if it only has one level. but the idea took me by surprise. it is actually a fun idea. maybe the dev can make this game much bigger.,mixed,0,0,0,0,0,1,0,2,0,0,1,0,potential,
177,699f6b2ff9170ee287ce9161,"
It was very short and I didn't quite understand it, but the idea stuck with me and that's what matters.",mixed,0,0,0,0,0,0,0,2,2,0,1,0,,
207,69129a44e90ae61a87c472fd,"I liked the game, mainly because of its theme and also because it is beautiful and aesthetically pleasing. I thought it was better than the first game, which has similar gameplay.",enjoyable,0,0,0,1,0,0,0,0,0,0,1,0,,
214,698260ce3951fc5c27fc3dbc,"Overall, it was a really cool experience. The dynamic of having something chasing you on the harder paths is pretty challenging (I stuck to the easy route hahaha). But one really frustrating thing is the walls. They might be causing some sort of bug that blocks your movement, even when you're nowhere near them.",mixed,1,0,1,0,0,0,1,0,0,2,0,0,,
49,6980c16f9985e39f6bcbbe3a,"The game didn't work well, I couln't jump over the barriers so I can't provide my whole truthfull opinion",unenjoyable,2,2,0,0,0,0,0,0,0,2,0,0,,
70,69139019e887fef6bf369ea3,"As I mentioned previously, I was not able to enjoy the game as I couldn't even play it. The instructions were vague and unclear, and when I tried to follow them, nothing happened. Dragging parts of the screen did nothing. Sorry, I am a gamer and I can't see anything redeeming about this ""game"".",unenjoyable,2,2,0,0,0,0,0,0,2,2,0,0,,
112,6989da604f75e4c44ffefa17,felt a lot buggy and most the UI isnt showing properly or the colors are just terrible the movement is hard to learn a bit probably the sling to the end was enjoyable but finding what triggers it was frustrating cause didnt know which one does what ,unenjoyable,2,2,0,2,0,0,0,0,2,2,0,0,,
134,693cb7531c138f131ae16026,I encountered a bug and also the way the enemies could be killed was not that clear as i clicked the space bar in rythm but dealt no damage some times and other times it worked,unenjoyable,2,2,0,0,0,0,0,0,2,2,0,0,,
187,697b7d329eb08e3eb1ec8e2b,"It was not much enjoyable because of the simple gameplay and the bug that i experienced. So it did´nt work well for me. also, it was frustrating when i couldn´t strike like i supposed to. ",unenjoyable,2,2,0,0,0,0,0,2,0,2,0,0,,
91,698ce4c33956b8cb4fc8f802,"The game was unintituive, but easy to play, making the challenge only figuring out how to play the game.
The game has too many bugs, as the circles started dissapearing after a while with no reason.
Overall the aesthetics were too simple.",unenjoyable,2,2,0,2,0,0,0,2,2,2,0,0,,
159,5ede88a1c008530fb60aa557,The scatter feature did not work,unenjoyable,2,2,0,0,0,0,0,0,0,2,0,0,,
236,696aa41c3b8c0f122470a488,"It barely worked, nothing was enjoyable.",unenjoyable,2,2,0,0,0,2,0,0,0,2,0,0,,
237,696aa41c3b8c0f122470a488,the shadow part seemed to not work properly. I fell into a hole and to wait for the shadow to get me because I could not restart the level and level 5 was very hard. The same jump was reused over and over again.,unenjoyable,2,2,0,0,0,0,2,0,0,2,0,0,,
44,697d5e0f7563e62c0dddf2e7,"The game stop working properly after some time, it was frustrating",unenjoyable,0,0,0,0,0,0,0,0,0,2,0,0,,
64,61164e823465955346dc1827,it froze once and couldnt continue but everything else was fun,mixed,0,0,0,0,0,1,0,0,0,2,0,0,,
75,6989cbe1ec0087fc9a540678,It took 10 seconds to pass and it didn't work as intended,unenjoyable,0,0,0,0,0,0,0,2,0,2,0,0,,
105,69348f64be85265e846c5117,"really frustrating ,cause the blue ball become invisible",unenjoyable,0,0,0,0,0,0,0,0,0,2,0,0,,"this was a genuine bug, not just smaller issues with mechanics "
129,698df101576c5053da213573,It was enjoyable untill I could't at all end 6 chapter. I guess it was bug.,mixed,0,0,0,0,0,0,0,0,0,2,0,0,,didn't specify what was enjoyable; i'm not tagging responses that don't say what was enjoyable
156,69781e065ba9a4f5f1743c76,it was frustrating because of technical issue ,unenjoyable,0,0,0,0,0,0,0,0,0,2,0,0,,
167,5b68c9eb87af310001584803,"this game was very unenjoyable as i was confused on what i needed to do in the game as nothing was explained and after clicking the ball and hitting the rings a few times i managed to progress to the third level where i got completely stuck and had no way to exit the game, this frustrated me as there was no clear cut instructions or hints that could help me progress or even a level skipper ",unenjoyable,0,0,0,0,0,0,2,0,2,2,0,0,,
186,697cee693cacc7fc3ccaedb3,"I couldnt figure how the mechanics of the game worked, at one point it just said ""Uninstall"" and the game closed. Its a bit frustating that you dont have a tutorial to explain on how to play the game.",unenjoyable,0,0,0,0,0,0,0,0,2,2,0,0,,
239,68d3f90c71dc2351e2b2d41e,it was all buggy and it didn't provide any instructions on how to proceed with game before it ended.,unenjoyable,0,0,0,0,0,0,0,0,2,2,0,0,,
154,69781e065ba9a4f5f1743c76,"completely unplayable, there is no goal, bad controls, no challenge",unenjoyable,2,0,0,0,0,0,0,2,2,2,0,0,,
20,6926452ca418f7b008a000a3,"The initial presentation made it quite clear what the goal of the game was and how to achieve it. The mechanic of guiding the flow towards the goals, which is, I believe, the main point of the game was quite enjoyable. The more frustrating part of that mechanic was the freezing after every wave hit and having to click the tiles instead of being able to drag a path.",mixed,1,2,2,0,0,0,0,0,1,0,0,0,,
11,5d164f9b1a4be700176367bd,The game was frustrating because you have almost no control you can just go slowly right or left and scroll up.,unenjoyable,2,2,2,0,0,0,0,0,0,0,0,0,,
67,67be6a20a52466ed9267d895,I found the second level to be very frustrating as there was such a little platform that you had to keep steady. I also found the instructions a bit unclear in terms of their language which only made the game more confusing to understand.,unenjoyable,2,2,2,0,0,0,2,0,2,0,0,0,,
125,697d2057698dc9f0b71f0a43,"The game wasn't fun at any point. Besides having repetitive mechanics, it was too fast, and the developer didn't do anything to lengthen the game or add difficulty. It ended too quickly and too easily, taking away the fun.",unenjoyable,2,2,2,0,0,0,0,2,0,0,0,0,,
153,6977c0dd24d3fdad12e17e23,"it stressed me out and i couldn’t complete it. level 1 should have been simpler so the player immediately understands the goal, guiding the light toward the yellow point. at the beginning, i didn’t understand the purpose of the echo. i also disliked that the platforms were perfectly aligned vertically. jumping between them felt difficult and at first i thought it was a bug preventing me from jumping (especially since i only have the basic jump, not a double jump).once i realized the jumps were possible, i noticed how little time was given. when i finished level 2, i didn’t feel satisfied, only relieved that it was over. seeing the same vertically aligned platforms again in level 3 made me feel frustrated from the start. even after improving my jumping, the time limit felt too short, making the level impossible for me to complete... :(",unenjoyable,2,2,2,0,0,0,2,0,2,0,0,0,,
158,5ede88a1c008530fb60aa557,That second bit was so poorly made i hated it,unenjoyable,2,2,2,0,0,0,0,0,0,0,0,0,,
199,697a9cc58e44ed0a6d497a73,"The movements and details of the ball we control are very fluid, however the way the balls are controlled by sound seemed a bit confusing because there were moments when they didn't follow the same pattern. There was also a moment when the blue ball was covered by a black square.",mixed,2,2,2,0,0,0,0,0,2,0,0,0,,"mechanics execution is mixed, but participant rated effectiveness as 2, so seems like they leaned negative; hence, tagged execution as negative"
101,699b19eb2744be8e2c9e73ed,"Understanding what I'm supposed to do was the frustrating part. Once I saw the first ball moving, the game itself worked well. But I wouldn't call it enjoyable. Maybe if the game required to be completed in 1 wave only.",unenjoyable,2,1,2,0,0,0,0,0,2,0,0,0,,"tagged mechanics negative because they don't like the design. tagged execution as positive because it seems like that did contribute to their enjoyment, although not by very much"
149,6992fdf8bd688e6c9f7627b8,"The controls worked fine. Apart from that there was little explanation to the effect of the tether and the relevant consequences. The goal seemed to have a weird hitbox as it seemed to take multiple tries to hit it. The level design is quite bland and doesn't give the player anything to do or look at apart from the goal of the game. Alltogether, feels like an old flash game.",unenjoyable,2,1,2,2,0,0,0,2,2,0,0,0,,
82,6577257c0f74c02eed5453c8,"The first time when you reach the relic is enjoyable, the return feels backtracking. Maybe on the return can be light to see certain parts and discover a different way to arrive the start. ",mixed,1,0,2,0,0,0,0,0,0,0,0,0,,mixed tags because mixed opinions
13,698dfb569c22eca3eb8b65fa,"It was frustrating all the time, this game is create to frustrate people while playing.",unenjoyable,2,0,2,0,0,2,0,0,0,0,0,0,,
48,6679a3b7cb020a6e4728eac5,"I think that the game punish the player so much because it allows to complete the map with different ways but if you try something and it didnt work you have to start again, and completing the same objetives because you tried something with the last delivery its frustating, it was basically pixel perfect.",unenjoyable,2,0,2,0,0,0,2,0,0,0,0,0,,
69,67be6a20a52466ed9267d895,"I did not enjoy the game because the mechanics made it impossible to win. The second and third wall were too tall for the cube to jump over so it did not have an ending. Also, the renaming of the obstacles did not work properly and really served no purpose.",unenjoyable,2,0,2,0,0,0,0,0,0,0,0,0,participant actually misunderstood how game worked (poor instructions),"no bugs; participant didn't understand how game works. would code bugs anyway if they explicitly stated, but they didn't"
73,6989cbe1ec0087fc9a540678,"For the same reasons, unclear instructions and poor puzzle or mechanics",unenjoyable,2,0,2,0,0,0,0,0,2,0,0,0,,
92,698ce4c33956b8cb4fc8f802,"The game was too boring, as for saving the cities, you need to spam click, making it more tiresome than fun.",unenjoyable,2,0,2,0,0,0,0,2,0,0,0,0,,
100,699b19eb2744be8e2c9e73ed,The instructions are frustrating. But the game itself is too. It felt very random. I did not use any strategy to complete it. Just swiping.,unenjoyable,2,0,2,0,0,0,0,0,2,0,0,0,"""random"" -- lack of intentionality",
102,699b19eb2744be8e2c9e73ed,"The game was not enjoyable at all. No strategy. Just clicking the 5 cities. Maybe just being a little mindful of the destructions wave rhythm, but barely.",unenjoyable,2,0,2,0,0,0,0,2,0,0,0,0,,
139,673e66683243bb7c85a17b5a,"I didn't enjoy or hate it, i was a bit confused what to do because the controls dissapeared after a while which was a bit frustrating, but i managed to figure it out. It wasn't really challenging i feel like the level design was very poor which made the game too easy. I think with better level designs it could be more enjoyable and feel like a challenge.",mixed,2,0,2,0,0,0,0,2,2,0,0,0,,
160,6581c0e7703c9d00a5d2e6da,The game is way too basic for my taste all I had to do in order to win was to make the character go high up and move forward I barely even have to dodge any obstacles,unenjoyable,2,0,2,0,0,0,0,2,0,0,0,0,,
163,6941c8bfb62e4a8cb89c8925,"it was frustraiting i couldnt really understand how to beat the game other than spamming shoot button lol, i havent had much fun with this one
",unenjoyable,2,0,2,0,0,0,0,0,2,0,0,0,,
164,6941c8bfb62e4a8cb89c8925,"well it was okay, the lamps were frustraiting a bit, i couldnt catch any moths",mixed,2,0,2,0,0,0,2,0,0,0,0,0,,
203,69289ee670aad30bf97ccddf,"The game was very enjoyable, but at times it was frustrating to hit all the notes without spamming the balls, so with a limited number of balls, the game can easily become extremely frustrating.",mixed,2,0,2,0,0,1,2,0,0,0,0,0,,
204,69289ee670aad30bf97ccddf,"The game has too much use of the mouse, and the user needs to spam-click on the tiles, which gets easily boring after a while, and the color of the ink and the city has barely any contrast, so it's hard to see if it is inked or not before the fog envelops it, which is quite frustrating.",unenjoyable,2,0,2,2,0,0,0,2,2,0,0,0,,
213,69a07c9683353f56f4e8bc70,"i the sound was so annoying, and the mechanics aren't the best ",unenjoyable,2,0,2,2,0,0,0,0,0,0,0,0,,didn't tag audio because the 2 tag for audio is being upset that there isn't any audio; this is the only instance of someone disliking the existing audio
220,5a947fb0f05361000171b5a3,"The game was very simple with minimal interactivity, there was no real challenge experienced. It was frustrating getting caught in the light at one point, and the moth was not rotating, but rather bumping into the light over and over again.",unenjoyable,2,0,2,0,0,0,0,2,0,0,0,0,,
232,66465c850d9a3e177f2649fa,The game was overall extremely boring due to how lacking in involvement it was. There was really nothing to it other than just clicking and making the character move right. The enemies didn't really matter at all and nothing else really stood out to make it enjoyable. ,unenjoyable,2,0,2,0,0,0,0,2,0,0,0,0,,
83,6577257c0f74c02eed5453c8,"It is the same all the time, going up or forward without any changes on the obstacles. I did not understand the moths following thing, so I avoided everything and reached the moon.",unenjoyable,2,0,2,0,0,0,0,2,2,0,0,0,,
201,697a9cc58e44ed0a6d497a73,"The person has to read the documentation, and to escape they'll still have to figure out how to get the square all the way to the end – it's mean, haha.",unenjoyable,2,0,2,0,0,0,0,0,0,0,0,0,,"valence in answer alone is ambiguous; person rated as a 1, so i'm interpreting their answer with negative valence "
181,60da6f47359a9fc411cc8313,The wind part was fun and challenging but the overall pace of the game is a bit too slow and frustrating,mixed,1,2,1,0,0,0,1,0,0,0,0,0,,
230,69967d911d9f679e547767a2,"From my perspective, the game was okay and felt like an improvement over the previous title. It was slightly more stimulating as it utilizes concepts like trajectory optimization and precise timing.

Regarding what didn't work well: the visual boundaries of the darkness are very poorly defined. If even a single pixel of the player's hitbox touches the dark zone, it registers as a failure, which feels unfair and frustrating. Furthermore, the core gameplay is somewhat bland, and the moving lights have patterns that are too simplistic to convey a genuine sense of danger.

However, the final switch mechanic worked quite well. It was effectively guarded by a large light halo. Although the halo's movement was cyclic and predictable, it required strict timing to access the switch without being devoured by the absolute darkness.",mixed,1,2,1,2,0,0,0,2,0,0,0,0,,
6,677948fa843635fdb42a4351,"It was really fun, the game loop was very enjoyable and made me want to improve on the next go. My ability to control my character was very stable and really smooth.",enjoyable,1,1,1,0,0,0,0,0,0,0,0,0,,
42,6501b789e3ddbc0a0b79b925,"The game was very enjoyable to play. The level of detail was impressive, as it had many working parts from the aesthetic/vibe to the gameplay mechanics. The functionality was very simple, as in what buttons to click, but understanding when to click each button was the challenge. The entertainment value was very high as it was a fast-paced game of problem-solving and kept me very engaged. Everything worked very well, and there were no frustrating parts aside from there being very little time to make a decision, had to be very fast on my feet.",mixed,1,1,1,1,0,0,1,0,0,0,0,0,,
56,641359b5040c453203e2c088,The game was enjoyable because the simple controls and clear objective made it easy to understand while still being challenging. The contrast between the glowing ball and the surrounding darkness created tension and kept the experience engaging. The platforming felt functional and responsive which made successful jumps satisfying.,enjoyable,1,1,1,1,0,0,1,1,1,0,0,0,,
166,5b68c9eb87af310001584803,"it was very enjoyable and it worked very well as the beginning stage started off slow with there only being a couple of things to look out for but as the game progressed the timer increased and more attributes were added which made it more challenging and fun, i found nothing frustrating or that didn't work well ",enjoyable,1,1,1,0,0,0,1,0,0,0,0,0,,
243,698df8c121a05e20db810262,"Other than the confusion what is safe and unsafe terrain at first, the mechanics were good. The game was fun and something I'd enjoy playing",mixed,1,1,1,0,0,1,0,0,2,0,0,0,,
5,677948fa843635fdb42a4351,"The instructions were clear and easier to understand. Also I really liked the tense situations the gameplay created, I was constantly on the edge of my seat wondering if I was going to get caught.",enjoyable,1,0,1,0,0,0,0,0,1,0,0,0,,
8,5cd0909f6e2d5800163ed5de,"it was good, renaming objects was really enjoyable",enjoyable,1,0,1,0,0,0,0,0,0,0,0,0,,
41,6501b789e3ddbc0a0b79b925,"The game was very enjoyable and challenging. It was very good at balancing a challenge with fun, and I never found myself bored. I think the instructions could have been a little clearer, but that was the only frustrating part for me. ",mixed,1,0,1,0,0,0,1,0,2,0,0,0,,
50,6980c16f9985e39f6bcbbe3a,It's enjoyable as you don't know where th fog is going to take next so you have to be fast but in the same time conservative to save the ink. I'd like just to improve the graphics a bit and inlcude interacitve sounds as the games gets boring without these interactions.,mixed,1,0,1,2,2,0,1,2,0,0,0,0,,
54,698a1701a5b02ba695e33055,"I enjoyed the game because it offered a challange and i love  challanges, what i didn't like that there were no sound and i enjoyed merging darkness and light and the end.",mixed,1,0,1,1,2,0,1,0,0,0,0,0,,
62,697944af338eef9df5fe1845,Its pretty enjoyable and it gets challenging as you progress which helps make it more fun,enjoyable,1,0,1,0,0,1,1,0,0,0,0,0,,
89,669a65bbe45b41c3162d0d79,"I found it really funnny and enjable, it made me wish i could have played more and explore more potential of the base mechanic",enjoyable,1,0,1,0,0,0,0,0,0,0,0,0,potential,
94,5d3ce65a33b894000125909b,"At first, I didn't get that I needed to keep the characters close to each other so I didn't lose signal, but when I got the hang of it it was fun and interesting",mixed,1,0,1,0,0,0,0,0,2,0,0,0,,
96,5d3ce65a33b894000125909b,"I'd say I pretty much enjoyed playing it but also, I felt stressed because if I didn't pay attention to the duration of the ink entire cities would be wiped out",mixed,1,0,1,0,0,1,1,0,0,0,0,0,,"maybe presumptuous to tag positive difficulty, but seems like it kept them engaged in a positive way"
107,6661e3435d2645ebabbb4c09,"It was fun, each object had a different function and the color was eye-catching",enjoyable,1,0,1,1,0,0,0,0,0,0,0,0,,
113,6989da604f75e4c44ffefa17,the filing of the circles was great but didnt know i had to delete carves for the path to be more effiect the frustrating was the steps i didnt remeber what to do and they were shown for a short brief,mixed,1,0,1,0,0,0,0,0,2,0,0,0,,
118,66613916abcfcbe01b57b32a,I liked how you had to maneuver through the area to stay in the dark areas and you could speed through and grab the mail and go back ,enjoyable,1,0,1,0,0,0,0,0,0,0,0,0,,
138,5c4684826a7dbc00017c0a87,"I thought the mechanic was cool, but the game ended way too quickly. There just wasn't enough time for me to get familiar with the mechanics and try them out in different level environments. It felt like the tutorial was the whole thing, so the game ending early was a bit frustrating.",mixed,1,0,1,0,0,0,0,2,0,0,0,0,,"simple isn't the most ideal tag, but captures the sentiment of the game not being more complex/extended"
155,69781e065ba9a4f5f1743c76,a bit enjoyable because of challenge to control both boxes at the same time,enjoyable,1,0,1,0,0,0,1,0,0,0,0,0,,
227,66d0944b9f8f566817ad708c,"It was fun,  To learn also how fast the dot bounced in between the wall, it need a few obstructions",mixed,1,0,1,0,0,0,0,0,0,0,0,0,,relatively confident this is a positive comment on the mechanics...
229,69967d911d9f679e547767a2,"The game still had a stimulating aspect to it. As a dedicated gamer, I strongly dislike losing, so losing a village felt highly frustrating to me. This specific sense of challenge and difficulty is very appealing to modern players who are tired of overly easy games. However, many elements need to be overhauled for it to truly work.

In conclusion, actively protecting the zones in real-time was fun and engaging. On the other hand, the poor user interface, the severe lack of visual feedback, and the shallow gameplay loop made the overall experience ultimately unamusing.",mixed,1,0,1,2,0,0,1,2,0,0,0,0,,tagged difficult because of the engagement aspect. tagged simple because it gets boring 
233,66465c850d9a3e177f2649fa,"It was OK. It would've been more enjoyable if the game was longer and more complex. The level was fairly basic and the idea of using words to interact with objects and affect them wasn't used as much as it could have been. It was kind of frustrating figuring out how to get the words to interact though, I think a better tutorial could have been made for the game to show examples how it works.",mixed,1,0,1,0,0,0,0,2,2,0,0,0,potential,
16,698efa571f78c2fb8bc759fc,"The controls were enjoyable and the scenery, the speed which moth flies up was too fast though.",mixed,1,2,0,1,0,0,0,0,0,0,0,0,,
29,699c8b77fb904ad725023f28,the exposure meter was a bit fast but overall the game was very enjoyable,mixed,2,2,0,0,0,1,0,0,0,0,0,0,,
46,6679a3b7cb020a6e4728eac5,"If the level were quite bigger would be interesting, the game dont need better graphics, the early versions of Geometry Dash was basically plain colors and a box. The controls were pretty enjoyable (just add more speed to the x axe because it was so slow).",mixed,1,2,0,0,0,0,0,2,0,0,0,0,potential,not sure what to make of first sentence. only tagging second sentence
60,697a65fa2b4f2c04ad2f3bc2,"I like it, overall for the hard jumps, the technique and the jumps at the right timing make the game good and hard, but alto frustating because the levels had so little time so its was dificult getting the right time and make all the jump with no fails or you lose (especially in the level 6 and 7) So its was hard but funny and the end.",mixed,1,2,0,0,0,0,1,0,0,0,0,0,,
66,61164e823465955346dc1827,the timer was to fast but all else it was fun,mixed,1,2,0,0,0,0,0,0,0,0,0,0,,tagging positive mechanics because they have demonstrated that mechanics is at least one of the things they considered in their evaluation 
72,69139019e887fef6bf369ea3,"I was able to actually play this one like a game, so I give it a higher rating. It wasn't supremely entertaining or gripping, but at least it held my attention and felt like I was actually playing a game. The timer was too quick so that was frustrating, and then the conflicting rules all changing rapidly and not giving me time to review or read was also tough.",mixed,1,2,0,0,0,0,0,0,2,0,0,0,,
176,699f6b2ff9170ee287ce9161,"I liked it a lot and enjoyed it, but the jumping mechanics felt clunky to me, though not impossible. If it were really polished, it could be very entertaining.",mixed,1,2,0,0,0,0,0,0,0,0,0,0,potential,tagged positive mechancs because they have indicated that mechanics is something they considered when deciding whether they like the game 
211,69a07c9683353f56f4e8bc70,"Everything worked well, the last mail delivery was somewhat frustrating due to the radius of the light circle ",mixed,2,2,0,0,0,1,0,0,0,0,0,0,,negative mechanics tagging even though the response is mixed because i think the magnitude of the [negative] effect on enjoyability of a malfunctioning mechanic is greater than the magnitude of the [positive] effect of the mechanics working as they're supposed to
1,6983969b6ac55b26361bb853,"I'm so frustrated, I can't even move anything without trying so many times.",unenjoyable,2,2,0,0,0,0,2,0,0,0,0,0,,
4,677948fa843635fdb42a4351,I struggle to catch on to newer games in general but that combined with the few instructions given really frustrated me and made me feel very stupid. The controls were also very janky and randomly stiff at times.,unenjoyable,2,2,0,0,0,0,0,0,2,0,0,0,,
9,5cd0909f6e2d5800163ed5de,it was pretty slow and faity acted like slow thinking it should be faster as its responding to the light,unenjoyable,2,2,0,0,0,0,0,0,0,0,0,0,,
12,5d164f9b1a4be700176367bd,It was very boring and frustrating a round can end too quickly in 1 second.,unenjoyable,2,2,0,0,0,0,0,2,0,0,0,0,,
18,698efa571f78c2fb8bc759fc,"It felt very weird and sluggish, the cube was very slow and I don't even know how I got past the level",unenjoyable,2,2,0,0,0,0,0,0,2,0,0,0,,
19,6926452ca418f7b008a000a3,"The execution and playability of the game was a bit lackluster, it seemed to barely work at all. It was rather unclear what to do and what input would cause what function to happen.",unenjoyable,2,2,0,0,0,0,0,0,2,0,0,0,,
27,697a679cc7a5c19b7b777538,"the game was terrible, really confusing, slow, didnt work well.",unenjoyable,2,2,0,0,0,0,0,0,2,0,0,0,,
31,6989c0c01b2e93d5d8f2e20a,its was interesting and tempting to try and beat the challenge of every round but i was frustrated about the controls using the mouse as the platform that i dragged using the mouse sometimes glitched out when the mouse got off the screen,mixed,2,2,0,0,0,0,1,0,0,0,0,0,,
37,670ff2e18c2f93beac6a6a72,It was very hard to control and keep it a steady pace when I was doing the middle part. That part was hard and frustrating because how sensitive moving the panel is. ,unenjoyable,2,2,0,0,0,0,2,0,0,0,0,0,,
38,670ff2e18c2f93beac6a6a72,It was very unenjoyable and frustrating. The controls and the shadows made going through it a pain. ,unenjoyable,2,2,0,0,0,0,0,0,0,0,0,0,,
68,67be6a20a52466ed9267d895,"This game was so confusing. The instructions were not clear, nothing I seem to do worked and made any different in the game. It felt frustrating because I thought I was working through the game properly but did not seem to be progressing no matter what I tried. Also, the instructions were not on the screen for long enough.",unenjoyable,2,2,0,0,0,0,0,0,2,0,0,0,,
97,5e1b3b93f07b72359c0c4ffe,the graphics was basic and the movement too slow,unenjoyable,2,2,0,2,0,0,0,0,0,0,0,0,,
109,6111d08247ef6871bf11ec6b,It felt boring and hard to grasp. It didn't move the exact parts I hovered at first.,unenjoyable,2,2,0,0,0,0,0,2,2,0,0,0,,
111,6111d08247ef6871bf11ec6b,"I mean, I like platformers, but its far from something I'd keep playing on my own time. So I like the genre, but this execution is lacking.",unenjoyable,2,2,0,0,0,0,0,2,0,0,0,0,,
114,6989da604f75e4c44ffefa17,very frustarting and the movement is very annoying ,unenjoyable,2,2,0,0,0,0,0,0,0,0,0,0,,
117,661db80bbbbc4861da7f75dd,physicis of the game while trying to jump and move made it too fustrating when on a timer ,unenjoyable,2,2,0,0,0,0,2,0,0,0,0,0,,
119,66613916abcfcbe01b57b32a,It was really frustrating trying to jump up on the things to try and get the light to shine a certain way ,unenjoyable,2,2,0,0,0,0,2,0,0,0,0,0,,
121,566bdeb3beaf21001240085a,"I felt like I didn't have any control, I was launching the things but I wasn't able to make them go anywhere near where I wanted (like, I couldn't make them gravitate, for example). Thus, I couldn't produce any sounds I wanted to produce and it felt random. I just launched a lot to clear the game, I couldn't ""match"" anything really.",unenjoyable,2,2,0,0,0,0,0,0,2,0,0,0,,
161,6581c0e7703c9d00a5d2e6da,The game did what it was supposed to do but it is just a very basic game with not a lot going on. I did struggle a bit with the controls first moving 2 characters with different keys,unenjoyable,2,2,0,0,0,0,0,2,0,0,0,0,,
168,5b68c9eb87af310001584803,"what didn't work for me was that i found the game to be very difficult due to not being able to solve the first puzzle and with the instructions lacking as i moved the bold words but nothing was happening, it would have been nice to have a hint system. ",unenjoyable,2,2,0,0,0,0,2,0,2,0,0,0,,
175,699f6b2ff9170ee287ce9161,"The energy was clunky and annoying, and the map area blocked the energy, but the difficulty wasn't high, so it still made you want to pass the level.",mixed,2,2,0,0,0,0,0,1,0,0,0,0,,
197,68c03814183fb278ae8ac1c9,the game's movement was unenjoyable and I often find myself stuck at a certain point,unenjoyable,2,2,0,0,0,0,0,0,0,0,0,0,,
209,66b93f99d7c07d8558f67c5c,"I didnt really find it that enjoyable as I felt like I was pushing spacebar at the correct time and it was saying ""miss""",unenjoyable,2,2,0,0,0,0,0,0,0,0,0,0,,
222,5a947fb0f05361000171b5a3,"The text went by way too fast, the text on the side of the screen was too small to read for the most part, and the timer for decision making was way too short.",unenjoyable,2,2,0,2,0,0,0,0,2,0,0,0,,
234,66465c850d9a3e177f2649fa,"It's interesting at first, but it quickly became frustrating when I had to overcome the first obstacle. Getting on top of the platform to get to the lighthouse was a chore because I couldn't accurately move the paper plane enough. It felt like it required pin-point precision which the games movement doesn't allow for. It mostly came down to trial and error.",mixed,2,2,0,0,0,0,2,0,0,0,0,0,,
165,6941c8bfb62e4a8cb89c8925,"i had not enough time, very little letters and i couldnt read the laws in time. But maybe im just inexperienced in a games like this.",unenjoyable,2,2,0,0,0,0,0,0,2,0,0,0,,
32,6989c0c01b2e93d5d8f2e20a,"everything worked as intended and it was so challenging, tempting and joyful to play. i wasnt even bored and i wished there would be more than one round",mixed,1,1,0,0,0,1,1,0,0,0,0,0,,
40,6501b789e3ddbc0a0b79b925,"I enjoyed the game, even though it was so simple. The functionality was very simple, and everything worked as it should with little to no issues. I found how simple it was to be very enjoyable, and nothing came off as super frustrating aside from the fact that I could not beat the game. ",enjoyable,1,1,0,0,0,1,0,1,0,0,0,0,,
57,641359b5040c453203e2c088,"The game was moderately enjoyable because the controls and mechanics were simple and easy to understand, which made it accessible and straightforward to play. Successfully timing jumps to reach the green cube gave a small sense of satisfaction and accomplishment.

What worked well was the functionality, the cube responded predictably to player input, and the levels were clear in their objective. What was frustrating was the lack of variety or challenge beyond basic jumping; repeated platforming felt repetitive, and there were no unique visual or gameplay elements to keep it exciting over time. Overall it was functional and mildly entertaining, but somewhat basic.

",mixed,1,1,0,2,0,0,0,2,1,0,0,0,,
120,66613916abcfcbe01b57b32a,it worked well but was hard to figure out ,mixed,1,1,0,0,0,0,0,0,2,0,0,0,,
135,693cb7531c138f131ae16026,The game worked as intended and no parts were frustrating. The jumping worked well,enjoyable,1,1,0,0,0,1,0,0,0,0,0,0,,
136,5c4684826a7dbc00017c0a87,"It was somewhat enjoyable thanks to the controls and relaxing flow. I found the second level somewhat frustrating because I couldn't approximate what was actually effective to pass the level. I felt like I performed well enough to pass it, but I didn't feel sufficient reward because I couldn't tell if I even made the right decisions",mixed,1,1,0,0,0,0,0,0,2,0,0,0,,
137,5c4684826a7dbc00017c0a87,"It overall did what it needed to do, so there were no significant surprises or disappointments. Once it was clear to me what to do and how to do it, it was pretty much fully straightforward. I found the figuring out process to be slightly enjoyable, the rest to be more enjoyable.",enjoyable,1,1,0,0,0,0,0,1,1,0,0,0,,
198,68c03814183fb278ae8ac1c9,"the movement and functionality was smooth with no issues, the game was overall enjoyable",enjoyable,1,1,0,0,0,0,0,0,0,0,0,0,,
205,69129a44e90ae61a87c472fd,"I like simple games that don't involve too many mysteries, so I enjoyed playing this game. I would say it's a good pastime. The game seems to have worked as it should, and the commands mostly seem to have been obeyed.",enjoyable,1,1,0,0,0,0,0,1,0,0,0,0,,
217,5eee22ab319d6928d2ec1030,Everything worked well. What frustrated me was how hard the game was. Having to jump to the next layers were extremely difficult.,mixed,1,1,0,0,0,1,2,0,0,0,0,0,,
240,68d3f90c71dc2351e2b2d41e,"everything was working perfectly and i didn't encounter any bug or anything similar , and i very much enjoyed the game . ",enjoyable,1,1,0,0,0,1,0,0,0,0,0,0,,
241,698df8c121a05e20db810262,I think the game would be better with more options of changing the blocks to different types (maybe ones you can bounce off or teleporters?) I think as just a first level that was entertaining. Funcionally the game was good. ,mixed,1,1,0,0,0,0,0,2,0,0,0,0,potential,
238,68d3f90c71dc2351e2b2d41e,"Overall i found the game very enjoyable and simple to play , i didn't encounter any bug or problem playing the game so it was a great experience . ",enjoyable,0,0,0,0,0,1,0,1,0,0,0,0,,
2,6983969b6ac55b26361bb853,"I thought the black pillar was the finish line, but the passage opens with very slow movement.",unclear,0,0,0,0,0,0,0,0,0,0,0,0,,"this initially seems like confusion, but the person wrote this as a positive in their responses to the other questions, so i'm not sure how to tag"
3,6983969b6ac55b26361bb853,It was unpleasant; I felt bored and wished the game would end.,unenjoyable,0,0,0,0,0,2,0,2,0,0,0,0,,
15,698dfb569c22eca3eb8b65fa,"The game feels really enjoyable, because maybe not in this 1st level but if only the game were more extensive you would have to use your brain and think to pass the levels.",mixed,0,0,0,0,0,0,0,2,0,0,0,0,potential,enjoyability hinges upon potential 
22,69346587dfdffc1057144d32,It was a bit boring because of low engament,unenjoyable,0,0,0,0,0,0,0,2,0,0,0,0,,
23,69346587dfdffc1057144d32,Meh it was a bit enjoyable but not too much action,mixed,0,0,0,0,0,0,0,2,0,0,0,0,,
24,69346587dfdffc1057144d32,it was difficult and boring too because of too much text,unenjoyable,0,0,0,0,0,0,2,0,2,0,0,0,,"i've been putting boring in the simple theme, but it seems like ""boring"" here is indicating disengagement due to information overload and game difficulty, rather than game simplicity"
25,697a679cc7a5c19b7b777538,i didnt like it. It was really confusing at the start and the gameplay isnt engaging.,unenjoyable,0,0,0,0,0,0,0,2,2,0,0,0,,
30,699c8b77fb904ad725023f28,"It was very simple and short, Didn't get enough time to experiment with it",unenjoyable,0,0,0,0,0,0,0,2,0,0,0,0,,
34,59f8868e05d1d60001f1464d,Very frustrating that I couldnt work out the rules,unenjoyable,0,0,0,0,0,0,0,0,2,0,0,0,,
35,59f8868e05d1d60001f1464d,I understood this one and felt proud when I succeeded,enjoyable,0,0,0,0,0,0,1,0,1,0,0,0,,
36,59f8868e05d1d60001f1464d,Didnt engage me at all,unenjoyable,0,0,0,0,0,2,0,2,0,0,0,0,,
39,670ff2e18c2f93beac6a6a72,It was actually fun with how weird it was. The weirdness makes the game work and makes it enjoyable in a way. ,enjoyable,0,0,0,0,0,1,0,0,0,0,0,0,,unclear what  exactly talking about. concept is most applicable and probably captures it?
53,698a1701a5b02ba695e33055,The game was working but it didn't feel like a game it felt so boring and dull especially with no sound too and the game objective weren't clear,unenjoyable,0,0,0,2,2,0,0,2,2,0,0,0,,"didn't tag positive for mechanics execution because person gave rating of 1, so i don't think execution actually contributed to their evaluation"
61,697944af338eef9df5fe1845,I think at the begining it was nice to try and explore what needed to be done etc but there isnt much too it so eventually it felt kind off long ,mixed,0,0,0,0,0,0,0,2,0,0,0,0,,
63,697944af338eef9df5fe1845,It was enjoyable but I think the intructions need to be a bit clearer ,mixed,0,0,0,0,0,1,0,0,2,0,0,0,,
65,61164e823465955346dc1827,the whole game in gerenal it made no sense to me,unenjoyable,0,0,0,0,0,0,0,0,2,0,0,0,,
76,697fa6c649bf75696f73c7c0,"There were times when I didn't find the game so enjoyable, especially on level 2, because I couldn't quite understand the logic.",unenjoyable,0,0,0,0,0,0,0,0,2,0,0,0,,
77,697fa6c649bf75696f73c7c0,I experienced some parts that weren't very enjoyable because I didn't understand the game's dynamics in level 2.,unenjoyable,0,0,0,0,0,0,0,0,2,0,0,0,,
78,697fa6c649bf75696f73c7c0,"The game was enjoyable and quick to grasp the dynamics.
",enjoyable,0,0,0,0,0,1,0,0,1,0,0,0,,not sure what is meant by dynamics; not tagging for it
88,669a65bbe45b41c3162d0d79,I personally had problems figuring out how exactly the two statistic of the flock worked and i still am not sure what exactly they meant ,unenjoyable,0,0,0,0,0,0,0,0,2,0,0,0,,
93,698ce4c33956b8cb4fc8f802,"The game would be fun if it had more levels, but as it is, is too shallow and simple.",unenjoyable,0,0,0,0,0,0,0,2,0,0,0,0,potential,
95,5d3ce65a33b894000125909b,"I had trouble understanding the goal of the game, so all I did was to flow and see how far I could go flapping the wings of the moth",unenjoyable,0,0,0,0,0,0,0,0,2,0,0,0,,
98,5e1b3b93f07b72359c0c4ffe,was a little confused at first but I've learned it ,mixed,0,0,0,0,0,0,0,0,2,0,0,0,,
99,5e1b3b93f07b72359c0c4ffe,doesnt seem fun to play,unenjoyable,0,0,0,0,0,2,0,0,0,0,0,0,,
103,69348f64be85265e846c5117,"it is enjoble when i start understand the rules, but it just do not have any time for me to ready.",mixed,0,0,0,0,0,1,0,0,2,0,0,0,,
104,69348f64be85265e846c5117,"The game is not hard, but there's no reward or some record.",unenjoyable,0,0,0,0,0,0,0,2,0,0,0,0,not motivating,
106,6661e3435d2645ebabbb4c09,I had a little trouble understanding the mechanisms for it to work correctly,mixed,0,0,0,0,0,0,0,0,2,0,0,0,,
108,6661e3435d2645ebabbb4c09,"It was easy, maybe because it's just a demo, but on the second try I was able to figure out how to pass the level easily",mixed,0,0,0,0,0,0,0,1,0,0,0,0,,"valence of simplicity is ambiguous in this response; i checked rating and it's a 5, so seems like valence is positive. didn't tag confusion because it seems like they're talking about ease of winning more than ease of understanding how to play  "
110,6111d08247ef6871bf11ec6b,"It's still very raw. I can see potential for a player base, but it's not me.",unenjoyable,0,0,0,0,0,0,0,2,0,0,0,0,potential,
115,661db80bbbbc4861da7f75dd,"found it boring, and no real instructions regarding what to do they left the screen pretty quickly ",unenjoyable,0,0,0,0,0,0,0,2,2,0,0,0,,
116,661db80bbbbc4861da7f75dd,"it was ok, could get boring real fast or repetative ",mixed,0,0,0,0,0,0,0,2,0,0,0,0,,
127,698df101576c5053da213573,"It was kinda frustrating to get to last chapter and finish the game. I couldn't do it, but i made not many attempts so that's also the case.",unenjoyable,0,0,0,0,0,0,2,0,0,0,0,0,,
128,698df101576c5053da213573,I didn't know what to do so it was frustrating.,unenjoyable,0,0,0,0,0,0,0,0,2,0,0,0,,
131,66b7c04e75051c539d8b4776,Everything worked perfectly. It was fun figuring out how it worked and managing to progress and finish the game.,enjoyable,0,0,0,0,0,1,1,0,0,0,0,0,,
133,693cb7531c138f131ae16026,I found it very stressful and frustrating because the short amount of waves made it difficult to understand fully how to reach the goal and the most efficient paths were difficult to find.,unenjoyable,0,0,0,0,0,0,2,0,2,0,0,0,,
141,673e66683243bb7c85a17b5a,"I do enjoy these types of games a lot a thinking game where you have to pay attention to everything, but i feel like this game gives you too much information too fast, where you just can't keep up and have to guess to a certain extent because otherwise the time will run out which makes it very frustrating and less enjoyable.",mixed,0,0,0,0,0,0,2,0,2,0,0,0,,
151,6977c0dd24d3fdad12e17e23,"I didn't like it because I didn't understand the purpose of the rain, if the other small flies I see are my relevant to me/to the game, and I felt like the stamina factor was not challenging, like I can go near the light or not and i win anyway",unenjoyable,0,0,0,0,0,0,0,0,2,0,0,0,,
152,6977c0dd24d3fdad12e17e23,"I can't consider it a game, I feel like i missed something, did I do the right action?",unenjoyable,0,0,0,0,0,0,0,0,2,0,0,0,,
157,5ede88a1c008530fb60aa557,it did not explain the goal and what to do,unenjoyable,0,0,0,0,0,0,0,0,2,0,0,0,,
169,68bb85dca4c5cc35b70f499b,it was quite enjoyable and relaxing.,enjoyable,0,0,0,0,0,1,0,0,0,0,0,0,,
171,68bb85dca4c5cc35b70f499b,the game was quite hard to figure out and not helping me to finish the level. not a hint.,unenjoyable,0,0,0,0,0,0,2,0,2,0,0,0,,
172,5d1f5c20aaa27b001954de31,it was nice playing it but it was a bit frustrating without help to figure it out.,mixed,0,0,0,0,0,0,0,0,2,0,0,0,,
174,5d1f5c20aaa27b001954de31,"it was pretty fun and i would want more content of it.it wasnt frustrating at all, it could be for harder levels i suppose",mixed,0,0,0,0,0,1,0,0,0,0,0,0,,
179,60c13bce0d8616e48d044bd0,I must admit that I didn't understand it and found it boring to play,unenjoyable,0,0,0,0,0,0,0,2,2,0,0,0,,
183,60da6f47359a9fc411cc8313,"It was a very basic game, not much effort has to be put in while playing",unenjoyable,0,0,0,0,0,0,0,2,0,0,0,0,,
184,697cee693cacc7fc3ccaedb3,"Everything work well, but the game was very unpleasant and not very enjoyable because it got boring after 3 minutes. In general I didnt like it.",unenjoyable,0,0,0,0,0,0,0,2,0,0,0,0,,"person rated as 1 (not enjoyable at all), so seems like good execution didn't actually contribute to their evaluation; thus, didn't tag mechanics"
185,697cee693cacc7fc3ccaedb3,"The game was kinda fun to play, because it wasnt that easy so it had some challenge on it that makes the game more enjoyable.",enjoyable,0,0,0,0,0,0,1,0,0,0,0,0,,
188,697b7d329eb08e3eb1ec8e2b,It was´nt enjoyable for me cause it was so hard to get to the green goal. so it was very unpleasant to play.,unenjoyable,0,0,0,0,0,0,2,0,0,0,0,0,,
189,697b7d329eb08e3eb1ec8e2b,It wasn´t enjoyable at all. maybe there is something about the game that gives it some kind of originality but i didn´t get the point,unenjoyable,0,0,0,0,0,2,0,0,2,0,0,0,,
190,671a6c6227da7c097cfe8caf,It was very intense and not tiring at all,enjoyable,0,0,0,0,0,0,1,0,0,0,0,0,,
191,671a6c6227da7c097cfe8caf,It was pretty enjoyable,enjoyable,0,0,0,0,0,1,0,0,0,0,0,0,,
192,671a6c6227da7c097cfe8caf,It was very hard but also enjoyable ,mixed,0,0,0,0,0,1,2,0,0,0,0,0,,person rated this game at a 2 so seems that difficulty negatively outweighted overall enjoyability
193,6995128bd75ec09b6e8b6973,"didnt really get to play, didnt know what the controls were. it was a little frustating",unenjoyable,0,0,0,0,0,0,0,0,2,0,0,0,,
194,6995128bd75ec09b6e8b6973,"it was good, just try to add a little more instructions. it was very vague",mixed,0,0,0,0,0,1,0,0,2,0,0,0,,
195,6995128bd75ec09b6e8b6973,"it was quite enjoyable, but sometimes, try to simplify it a little bit",mixed,0,0,0,0,0,1,2,0,0,0,0,0,,"unclear, not tagging anything"
206,69129a44e90ae61a87c472fd,"The game was really fun, I really enjoyed playing it, I liked it more than the first game. Very entertaining.",enjoyable,0,0,0,0,0,1,0,0,0,0,0,0,,
208,66b93f99d7c07d8558f67c5c,"Not enjoyable. As there was no actual explanation as to what I was meant to be doing, I was left confused and did not have fun playing it. ",unenjoyable,0,0,0,0,0,0,0,0,2,0,0,0,,
210,66b93f99d7c07d8558f67c5c,It was relatively enjoyable because it was difficult and figuring out what to do helped with the entertainment. It was a little frustrating because the game suggested you had to go through the coloured dots but instead you had to go past them,mixed,0,0,0,0,0,0,1,0,2,0,0,0,,
212,69a07c9683353f56f4e8bc70,its fun as a two-player game i just didn't feel the full experience because I played alone ,mixed,0,0,0,0,0,0,0,0,0,0,0,0,,no tags relevant; one-off response
218,5eee22ab319d6928d2ec1030,"Most of the details in the game looked like a glitch. I thought the game was buggy for a second, then I realized it's just how the background is.",unenjoyable,0,0,0,2,0,0,0,0,0,0,0,0,,
219,5eee22ab319d6928d2ec1030,"The game wasn't enjoyable, it was a bit confusing to play.",unenjoyable,0,0,0,0,0,2,0,0,2,0,0,0,,
223,6980e32bc22bae8cb57154ed,"I am being honest here, its kind of normal and slightly boring, you only click tiles, you have to pay attention to the tiles when they are no longer being protected that is the challenging part, but i didnt enjoy playing it, i could spend my time playing another game if i had to",unenjoyable,0,0,0,0,0,0,0,2,0,0,0,0,,problem is simplicity. existing mechanic is fine w participant
225,6980e32bc22bae8cb57154ed,"not enjoyable and very frustrating, no clear instructions and started immediately, i didnt even know what should i do i didnt even play ",unenjoyable,0,0,0,0,0,0,0,0,2,0,0,0,,
226,66d0944b9f8f566817ad708c,I feel like if I had enough time to understand the game I would have enjoyed it better,mixed,0,0,0,0,0,2,0,0,0,0,0,0,,"confusion most applicable, but still not quite right"
235,696aa41c3b8c0f122470a488,I did not like how hard it was to see things.,unenjoyable,0,0,0,2,0,0,0,0,0,0,0,0,,
90,669a65bbe45b41c3162d0d79,The game was quite enjoyable even tho the amoutn of words that were avaible seemd not enough bu it show great room for improvemnt,mixed,1,0,0,0,0,1,0,2,0,0,0,0,potential,tagging simple as neg because it seems like they want to see the game be better
180,60c13bce0d8616e48d044bd0,It was short but enjoyable. I would have liked to try different levels and obstacles.,mixed,1,0,0,0,0,1,0,2,0,0,0,0,,tagged mechanics because of indication that they considered mechanics in deciding whether enjoyable 
170,68bb85dca4c5cc35b70f499b,it was quite hard to play the game especially the part to get through obstacles.,unenjoyable,2,0,0,0,0,0,2,0,0,0,0,0,,